ID,ISOCODE,STARTDATE,NEXTSTARTDATE,CONVERSIONRATE,CREATEDDATE,CREATEDBYID,LASTMODIFIEDDATE,LASTMODIFIEDBYID,SYSTEMMODSTAMP
04w0X000000DUzeQAG,AED,2018-06-01,2018-07-01,4.8861,1527844671000,005b0000000L061AAC,1527844671000,005b0000000L061AAC,1530521704000
04w0X000000DUzfQAG,AUD,2018-06-01,2018-07-01,1.7587,1527844671000,005b0000000L061AAC,1527844671000,005b0000000L061AAC,1530521704000
04w0X000000DUzhQAG,EUR,2018-06-01,2018-07-01,1.14,1527844671000,005b0000000L061AAC,1527844671000,005b0000000L061AAC,1530521704000
04w0X000000DUziQAG,HKD,2018-06-01,2018-07-01,10.4387,1527844672000,005b0000000L061AAC,1527844672000,005b0000000L061AAC,1530521704000
04w0X000000DUzjQAG,MYR,2018-06-01,2018-07-01,5.2966,1527844672000,005b0000000L061AAC,1527844672000,005b0000000L061AAC,1530521705000
04w0X000000DUzkQAG,SGD,2018-06-01,2018-07-01,1.7801,1527844672000,005b0000000L061AAC,1527844672000,005b0000000L061AAC,1530521705000
04w0X000000DUzlQAG,USD,2018-06-01,2018-07-01,1.3308,1527844672000,005b0000000L061AAC,1527844672000,005b0000000L061AAC,1530521705000
04w0X000000DUzoQAG,SEK,0000-12-30,2018-07-01,11.75,1528895478000,005b0000000L05NAAS,1528895478000,005b0000000L05NAAS,1530521705000
04w0X000000DUzyQAG,AED,2018-07-01,2018-08-01,4.84893,1530521704000,005b0000000L061AAC,1530521704000,005b0000000L061AAC,1533542831000
04w0X000000DUzzQAG,AUD,2018-07-01,2018-08-01,1.7876,1530521704000,005b0000000L061AAC,1530521704000,005b0000000L061AAC,1533542831000
04w0X000000DV00QAG,CHF,2018-07-01,2018-08-01,1.3108,1530521704000,005b0000000L061AAC,1530521704000,005b0000000L061AAC,1533542831000
04w0X000000DV01QAG,EUR,2018-07-01,2018-08-01,1.1308,1530521704000,005b0000000L061AAC,1530521704000,005b0000000L061AAC,1533542831000
04w0X000000DV03QAG,MYR,2018-07-01,2018-08-01,5.3334,1530521705000,005b0000000L061AAC,1530521705000,005b0000000L061AAC,1533542831000
04w0X000000DV05QAG,SGD,2018-07-01,2018-08-01,1.8004,1530521705000,005b0000000L061AAC,1530521705000,005b0000000L061AAC,1533542832000
04w0X000000DV0SQAW,AED,2018-08-01,2018-09-01,4.82227,1533542831000,005b0000000L061AAC,1533542831000,005b0000000L061AAC,1535968736000
04w0X000000DV0UQAW,CHF,2018-08-01,2018-09-01,1.2985,1533542831000,005b0000000L061AAC,1533542831000,005b0000000L061AAC,1535968736000
04w0X000000DV0VQAW,EUR,2018-08-01,2018-09-01,1.121,1533542831000,005b0000000L061AAC,1533542831000,005b0000000L061AAC,1535968737000
04w0X000000DV0YQAW,SEK,2018-08-01,2018-09-01,11.5255,1533542832000,005b0000000L061AAC,1533542832000,005b0000000L061AAC,1535968737000
04w0X000000DV0aQAG,USD,2018-08-01,2018-09-01,1.3117,1533542832000,005b0000000L061AAC,1533542832000,005b0000000L061AAC,1535968737000
04w0X000000DV0eQAG,CHF,2018-09-01,2018-10-01,1.2569,1535968736000,005b0000000L061AAC,1535968736000,005b0000000L061AAC,1538409075000
04w0X000000DV0hQAG,MYR,2018-09-01,2018-10-01,5.3399,1535968737000,005b0000000L061AAC,1535968737000,005b0000000L061AAC,1538409076000
04w0X000000DV0iQAG,SEK,2018-09-01,2018-10-01,11.8735,1535968737000,005b0000000L061AAC,1535968737000,005b0000000L061AAC,1538409076000
04w0X000000DV0jQAG,SGD,2018-09-01,2018-10-01,1.7806,1535968737000,005b0000000L061AAC,1535968737000,005b0000000L061AAC,1538409076000
04w0X000000DV0xQAG,AUD,2018-10-01,2018-11-01,1.798,1538409075000,005b0000000L061AAC,1538409075000,005b0000000L061AAC,1541070116000
04w0X000000DV11QAG,MYR,2018-10-01,2018-11-01,5.3399,1538409076000,005b0000000L061AAC,1538409076000,005b0000000L061AAC,1541070116000
04w0X000000DV13QAG,SGD,2018-10-01,2018-11-01,1.7806,1538409076000,005b0000000L061AAC,1538409076000,005b0000000L061AAC,1541070117000
04w0X000000DV17QAG,AUD,2018-11-01,2018-12-01,1.8024,1541070116000,005b0000000L061AAC,1541070116000,005b0000000L061AAC,1543833636000
04w0X000000DV1AQAW,HKD,2018-11-01,2018-12-01,10.0177,1541070116000,005b0000000L061AAC,1541070116000,005b0000000L061AAC,1543833636000
04w0X000000DV1BQAW,MYR,2018-11-01,2018-12-01,5.3474,1541070116000,005b0000000L061AAC,1541070116000,005b0000000L061AAC,1543833636000
04w0X000000DV1JQAW,EUR,2018-12-01,2019-01-01,1.1266,1543833636000,005b0000000L061AAC,1543833636000,005b0000000L061AAC,1546422535000
04w0X000000DV1QQAW,AED,2019-01-01,2019-02-01,4.68314,1546422535000,005b0000000L061AAC,1546422535000,005b0000000L061AAC,1549014675000
04w0X000000DV1aQAG,AED,2019-02-01,2019-03-01,4.81881,1549014675000,005b0000000L061AAC,1549014675000,005b0000000L061AAC,1551449900000
04w0X000000DV1bQAG,AUD,2019-02-01,2019-03-01,1.8039,1549014675000,005b0000000L061AAC,1549014675000,005b0000000L061AAC,1551449900000
04w0X000000DV1dQAG,EUR,2019-02-01,2019-03-01,1.146,1549014676000,005b0000000L061AAC,1549014676000,005b0000000L061AAC,1551449900000
04w0X000000DV1fQAG,MYR,2019-02-01,2019-03-01,5.3871,1549014676000,005b0000000L061AAC,1549014676000,005b0000000L061AAC,1551449901000
04w0X000000kCgqQAE,AED,2018-02-01,2018-03-01,5.20491,1517485558000,005b0000000L061AAC,1517485558000,005b0000000L061AAC,1519903461000
04w0X000000kCh5QAE,MYR,2018-03-01,2018-04-01,5.3976,1519903462000,005b0000000L061AAC,1519903462000,005b0000000L061AAC,1522918674000
04w0X000000kChMQAU,CHF,2018-05-01,2018-06-01,1.3637,1525168937000,005b0000000L061AAC,1525168937000,005b0000000L061AAC,1527844671000
04wb00000000ms1AAA,AED,2014-02-01,2014-03-01,6.0364,1395391978000,005b0000000L061AAC,1395391978000,005b0000000L061AAC,1395392479000
04w0X000000DV0TQAW,AUD,2018-08-01,2018-09-01,1.7645,1533542831000,005b0000000L061AAC,1533542831000,005b0000000L061AAC,1535968736000
04w0X000000DV0kQAG,USD,2018-09-01,2018-10-01,1.2994,1535968737000,005b0000000L061AAC,1535968737000,005b0000000L061AAC,1538409076000
04w0X000000DV0yQAG,CHF,2018-10-01,2018-11-01,1.2569,1538409075000,005b0000000L061AAC,1538409075000,005b0000000L061AAC,1541070116000
04w0X000000DV1DQAW,SGD,2018-11-01,2018-12-01,1.7695,1541070117000,005b0000000L061AAC,1541070117000,005b0000000L061AAC,1543833637000
04w0X000000DV1GQAW,AED,2018-12-01,2019-01-01,4.68174,1543833635000,005b0000000L061AAC,1543833635000,005b0000000L061AAC,1546422535000
04w0X000000DV1YQAW,USD,2019-01-01,2019-02-01,1.2769,1546422536000,005b0000000L061AAC,1546422536000,005b0000000L061AAC,1549014677000
04w0X000000DV1gQAG,SEK,2019-02-01,2019-03-01,11.8999,1549014676000,005b0000000L061AAC,1549014676000,005b0000000L061AAC,1551449901000
04w0X000000Qfn6QAC,AED,2019-03-01,2021-09-02,4.88002,1551449900000,005b0000000L061AAC,1551449900000,005b0000000L061AAC,1630593681000
04w0X000000kCggQAE,AED,2018-01-01,2018-02-01,4.95846,1514890064000,005b0000000L061AAC,1514890064000,005b0000000L061AAC,1517485559000
04w0X000000kCh1QAE,AUD,2018-03-01,2018-04-01,1.7687,1519903461000,005b0000000L061AAC,1519903461000,005b0000000L061AAC,1522918674000
04w0X000000kCh6QAE,SGD,2018-03-01,2018-04-01,1.8231,1519903462000,005b0000000L061AAC,1519903462000,005b0000000L061AAC,1522918674000
04w0X000000kChLQAU,AUD,2018-05-01,2018-06-01,1.8251,1525168937000,005b0000000L061AAC,1525168937000,005b0000000L061AAC,1527844671000
04w0X000000DV02QAG,HKD,2018-07-01,2018-08-01,10.3583,1530521704000,005b0000000L061AAC,1530521704000,005b0000000L061AAC,1533542831000
04w0X000000DV04QAG,SEK,2018-07-01,2018-08-01,11.8116,1530521705000,005b0000000L061AAC,1530521705000,005b0000000L061AAC,1533542832000
04w0X000000DV06QAG,USD,2018-07-01,2018-08-01,1.3203,1530521705000,005b0000000L061AAC,1530521705000,005b0000000L061AAC,1533542832000
04w0X000000DV0WQAW,HKD,2018-08-01,2018-09-01,10.2925,1533542831000,005b0000000L061AAC,1533542831000,005b0000000L061AAC,1535968737000
04w0X000000DV0XQAW,MYR,2018-08-01,2018-09-01,5.3321,1533542831000,005b0000000L061AAC,1533542831000,005b0000000L061AAC,1535968737000
04w0X000000DV0ZQAW,SGD,2018-08-01,2018-09-01,1.7857,1533542832000,005b0000000L061AAC,1533542832000,005b0000000L061AAC,1535968737000
04w0X000000DV0gQAG,HKD,2018-09-01,2018-10-01,10.199,1535968737000,005b0000000L061AAC,1535968737000,005b0000000L061AAC,1538409076000
04w0X000000DV0wQAG,AED,2018-10-01,2018-11-01,4.78364,1538409075000,005b0000000L061AAC,1538409075000,005b0000000L061AAC,1541070116000
04w0X000000DV12QAG,SEK,2018-10-01,2018-11-01,11.5255,1538409076000,005b0000000L061AAC,1538409076000,005b0000000L061AAC,1541070116000
04w0X000000DV16QAG,AED,2018-11-01,2018-12-01,4.67981,1541070116000,005b0000000L061AAC,1541070116000,005b0000000L061AAC,1543833635000
04w0X000000DV19QAG,EUR,2018-11-01,2018-12-01,1.1277,1541070116000,005b0000000L061AAC,1541070116000,005b0000000L061AAC,1543833636000
04w0X000000DV1IQAW,CHF,2018-12-01,2019-01-01,1.275,1543833636000,005b0000000L061AAC,1543833636000,005b0000000L061AAC,1546422535000
04w0X000000DV1hQAG,SGD,2019-02-01,2019-03-01,1.7684,1549014676000,005b0000000L061AAC,1549014676000,005b0000000L061AAC,1551449901000
04w0X000000kCgkQAE,HKD,2018-01-01,2018-02-01,10.5585,1514890064000,005b0000000L061AAC,1514890064000,005b0000000L061AAC,1517485559000
04w0X000000kCglQAE,MYR,2018-01-01,2018-02-01,5.4675,1514890064000,005b0000000L061AAC,1514890064000,005b0000000L061AAC,1517485559000
04w0X000000kCgxQAE,USD,2018-02-01,2018-03-01,1.4221,1517485559000,005b0000000L061AAC,1517485559000,005b0000000L061AAC,1519903462000
04w0X000000kChBQAU,AUD,2018-04-01,2018-05-01,1.8291,1522918674000,005b0000000L061AAC,1522918674000,005b0000000L061AAC,1525168937000
04w0X000000kChKQAU,AED,2018-05-01,2018-06-01,5.05334,1525168936000,005b0000000L061AAC,1525168936000,005b0000000L061AAC,1527844671000
04w7Z0000008oYYQAY,AUD,2021-09-07,9999-12-31,1.2,1631007995000,0050X000008uaG0QAI,1631007995000,0050X000008uaG0QAI,1631007995000
04wb00000000ms4AAA,SGD,2014-02-01,2014-03-01,2.1007,1395391980000,005b0000000L061AAC,1395391980000,005b0000000L061AAC,1395392481000
04wb00000004h4vAAA,CHF,0000-12-30,2015-09-01,1.4751,1442777583000,005b0000000L061AAC,1442777583000,005b0000000L061AAC,1442777746000
04w0X000000DUzgQAG,CHF,2018-06-01,2018-07-01,1.3087,1527844671000,005b0000000L061AAC,1527844671000,005b0000000L061AAC,1530521704000
04w0X000000DV0cQAG,AED,2018-09-01,2018-10-01,4.75674,1535968736000,005b0000000L061AAC,1535968736000,005b0000000L061AAC,1538409075000
04w0X000000DV0dQAG,AUD,2018-09-01,2018-10-01,1.798,1535968736000,005b0000000L061AAC,1535968736000,005b0000000L061AAC,1538409075000
04w0X000000DV0fQAG,EUR,2018-09-01,2018-10-01,1.1169,1535968737000,005b0000000L061AAC,1535968737000,005b0000000L061AAC,1538409076000
04w0X000000DV10QAG,HKD,2018-10-01,2018-11-01,10.199,1538409076000,005b0000000L061AAC,1538409076000,005b0000000L061AAC,1541070116000
04w0X000000DV14QAG,USD,2018-10-01,2018-11-01,1.2994,1538409076000,005b0000000L061AAC,1538409076000,005b0000000L061AAC,1541070117000
04w0X000000DV1CQAW,SEK,2018-11-01,2018-12-01,11.6781,1541070116000,005b0000000L061AAC,1541070116000,005b0000000L061AAC,1543833636000
04w0X000000DV1EQAW,USD,2018-11-01,2018-12-01,1.2779,1541070117000,005b0000000L061AAC,1541070117000,005b0000000L061AAC,1543833637000
04w0X000000DV1KQAW,HKD,2018-12-01,2019-01-01,9.9857,1543833636000,005b0000000L061AAC,1543833636000,005b0000000L061AAC,1546422535000
04w0X000000DV1LQAW,MYR,2018-12-01,2019-01-01,5.3394,1543833636000,005b0000000L061AAC,1543833636000,005b0000000L061AAC,1546422535000
04w0X000000DV1MQAW,SEK,2018-12-01,2019-01-01,11.6118,1543833636000,005b0000000L061AAC,1543833636000,005b0000000L061AAC,1546422536000
04w0X000000DV1SQAW,CHF,2019-01-01,2019-02-01,1.2561,1546422535000,005b0000000L061AAC,1546422535000,005b0000000L061AAC,1549014675000
04w0X000000DV1TQAW,EUR,2019-01-01,2019-02-01,1.1149,1546422535000,005b0000000L061AAC,1546422535000,005b0000000L061AAC,1549014676000
04w0X000000DV1cQAG,CHF,2019-02-01,2019-03-01,1.3045,1549014675000,005b0000000L061AAC,1549014675000,005b0000000L061AAC,1551449900000
04w0X000000QfnBQAS,MYR,2019-03-01,2021-09-02,5.4084,1551449901000,005b0000000L061AAC,1551449901000,005b0000000L061AAC,1630593682000
04w0X000000QfnCQAS,SEK,2019-03-01,2021-09-02,12.2772,1551449901000,005b0000000L061AAC,1551449901000,005b0000000L061AAC,1630593682000
04w0X000000kCgnQAE,USD,2018-01-01,2018-02-01,1.351,1514890065000,005b0000000L061AAC,1514890065000,005b0000000L061AAC,1517485559000
04w0X000000kCgsQAE,CHF,2018-02-01,2018-03-01,1.3217,1517485559000,005b0000000L061AAC,1517485559000,005b0000000L061AAC,1519903462000
04w0X000000kCh0QAE,AED,2018-03-01,2018-04-01,5.08258,1519903461000,005b0000000L061AAC,1519903461000,005b0000000L061AAC,1522918674000
04w0X000000kCh2QAE,CHF,2018-03-01,2018-04-01,1.3022,1519903462000,005b0000000L061AAC,1519903462000,005b0000000L061AAC,1522918674000
04w0X000000kChCQAU,CHF,2018-04-01,2018-05-01,1.3438,1522918674000,005b0000000L061AAC,1522918674000,005b0000000L061AAC,1525168937000
04w0X000000kChDQAU,EUR,2018-04-01,2018-05-01,1.141,1522918674000,005b0000000L061AAC,1522918674000,005b0000000L061AAC,1525168937000
04w0X000000kChFQAU,MYR,2018-04-01,2018-05-01,5.428,1522918674000,005b0000000L061AAC,1522918674000,005b0000000L061AAC,1525168937000
04w0X000000kChNQAU,EUR,2018-05-01,2018-06-01,1.1402,1525168937000,005b0000000L061AAC,1525168937000,005b0000000L061AAC,1527844671000
04w0X000000kChRQAU,USD,2018-05-01,2018-06-01,1.3776,1525168937000,005b0000000L061AAC,1525168937000,005b0000000L061AAC,1527844672000
04w7Z0000008oYOQAY,AUD,2021-09-02,2021-09-07,1.8693,1630593681000,0050X000008uaG0QAI,1630593681000,0050X000008uaG0QAI,1631007995000
04w7Z0000008oYQQAY,EUR,2021-09-02,2021-09-07,1.168,1630593682000,0050X000008uaG0QAI,1630593682000,0050X000008uaG0QAI,1631007995000
04w7Z0000008oYXQAY,AED,2021-09-07,9999-12-31,1.2,1631007995000,0050X000008uaG0QAI,1631007995000,0050X000008uaG0QAI,1631007995000
04w7Z0000008oYbQAI,HKD,2021-09-07,9999-12-31,1.2,1631007996000,0050X000008uaG0QAI,1631007996000,0050X000008uaG0QAI,1631007996000
04w7Z0000008oYcQAI,MYR,2021-09-07,9999-12-31,1.2,1631007996000,0050X000008uaG0QAI,1631007996000,0050X000008uaG0QAI,1631007996000
04w0X000000DV18QAG,CHF,2018-11-01,2018-12-01,1.2853,1541070116000,005b0000000L061AAC,1541070116000,005b0000000L061AAC,1543833636000
04w0X000000kCgtQAE,EUR,2018-02-01,2018-03-01,1.1416,1517485559000,005b0000000L061AAC,1517485559000,005b0000000L061AAC,1519903462000
04w0X000000kCguQAE,HKD,2018-02-01,2018-03-01,11.123,1517485559000,005b0000000L061AAC,1517485559000,005b0000000L061AAC,1519903462000
04w0X000000kCh4QAE,HKD,2018-03-01,2018-04-01,10.7833,1519903462000,005b0000000L061AAC,1519903462000,005b0000000L061AAC,1522918674000
04w0X000000DV1UQAW,HKD,2019-01-01,2019-02-01,10.0009,1546422535000,005b0000000L061AAC,1546422535000,005b0000000L061AAC,1549014676000
04w0X000000DV1VQAW,MYR,2019-01-01,2019-02-01,5.2768,1546422535000,005b0000000L061AAC,1546422535000,005b0000000L061AAC,1549014676000
04w0X000000DV1iQAG,USD,2019-02-01,2019-03-01,1.3152,1549014677000,005b0000000L061AAC,1549014677000,005b0000000L061AAC,1551449901000
04w0X000000Qfn8QAC,CHF,2019-03-01,2021-09-02,1.3247,1551449900000,005b0000000L061AAC,1551449900000,005b0000000L061AAC,1630593682000
04w0X000000Qfn9QAC,EUR,2019-03-01,2021-09-02,1.168,1551449900000,005b0000000L061AAC,1551449900000,005b0000000L061AAC,1630593682000
04w0X000000kCghQAE,AUD,2018-01-01,2018-02-01,1.7276,1514890064000,005b0000000L061AAC,1514890064000,005b0000000L061AAC,1517485559000
04w0X000000kCgiQAE,CHF,2018-01-01,2018-02-01,1.3179,1514890064000,005b0000000L061AAC,1514890064000,005b0000000L061AAC,1517485559000
04w0X000000kCgvQAE,MYR,2018-02-01,2018-03-01,5.5476,1517485559000,005b0000000L061AAC,1517485559000,005b0000000L061AAC,1519903462000
04w0X000000kCgwQAE,SGD,2018-02-01,2018-03-01,1.8617,1517485559000,005b0000000L061AAC,1517485559000,005b0000000L061AAC,1519903462000
04w0X000000kChEQAU,HKD,2018-04-01,2018-05-01,11.0135,1522918674000,005b0000000L061AAC,1522918674000,005b0000000L061AAC,1525168937000
04w7Z0000008oYdQAI,SEK,2021-09-07,9999-12-31,1.2,1631007996000,0050X000008uaG0QAI,1631007996000,0050X000008uaG0QAI,1631007996000
04w7Z0000008oYeQAI,SGD,2021-09-07,9999-12-31,1.2,1631007996000,0050X000008uaG0QAI,1631007996000,0050X000008uaG0QAI,1631007996000
04w0X000000kCgjQAE,EUR,2018-01-01,2018-02-01,1.127,1514890064000,005b0000000L061AAC,1514890064000,005b0000000L061AAC,1517485559000
04w0X000000kChGQAU,SGD,2018-04-01,2018-05-01,1.84,1522918674000,005b0000000L061AAC,1522918674000,005b0000000L061AAC,1525168937000
04wb00000000HsnAAE,USD,0000-12-30,2014-02-01,1.6435,1393756993000,005b0000000L03vAAC,1393756993000,005b0000000L03vAAC,1395391981000
04wb00000000HsxAAE,EUR,0000-12-30,2014-02-01,1.2187,1393757099000,005b0000000L03vAAC,1393757099000,005b0000000L03vAAC,1395391979000
04wb00000000Ht2AAE,HKD,0000-12-30,2014-02-01,12.7611,1393757120000,005b0000000L03vAAC,1393757120000,005b0000000L03vAAC,1395391980000
04wb00000000ms5AAA,USD,2014-02-01,2014-03-01,1.6435,1395391981000,005b0000000L061AAC,1395391981000,005b0000000L061AAC,1395392481000
04wb00000000ms8AAA,HKD,2014-03-01,2014-04-01,13.0064,1395392480000,005b0000000L061AAC,1395392480000,005b0000000L061AAC,1396353842000
04wb00000000ms9AAA,SGD,2014-03-01,2014-04-01,2.1228,1395392481000,005b0000000L061AAC,1395392481000,005b0000000L061AAC,1396353843000
04wb00000000msAAAQ,USD,2014-03-01,2014-04-01,1.6759,1395392481000,005b0000000L061AAC,1395392481000,005b0000000L061AAC,1396353843000
04wb000000014MSAAY,AED,2014-04-01,2014-05-01,6.1235,1396353841000,005b0000000L061AAC,1396353841000,005b0000000L061AAC,1399044577000
04wb000000014MUAAY,HKD,2014-04-01,2014-05-01,12.9322,1396353842000,005b0000000L061AAC,1396353842000,005b0000000L061AAC,1399044578000
04wb000000014MWAAY,USD,2014-04-01,2014-05-01,1.6672,1396353843000,005b0000000L061AAC,1396353843000,005b0000000L061AAC,1399044579000
04wb000000019PcAAI,HKD,2014-05-01,2014-06-01,13.0911,1399044578000,005b0000000L061AAC,1399044578000,005b0000000L061AAC,1401801561000
04wb000000019PdAAI,SGD,2014-05-01,2014-06-01,2.1197,1399044578000,005b0000000L061AAC,1399044578000,005b0000000L061AAC,1401801562000
04wb000000019PeAAI,USD,2014-05-01,2014-06-01,1.6886,1399044579000,005b0000000L061AAC,1399044579000,005b0000000L061AAC,1401801562000
04wb00000001EnmAAE,AED,2014-06-01,2014-07-01,6.1608,1401801560000,005b0000000L061AAC,1401801560000,005b0000000L061AAC,1404381497000
04wb00000001EnoAAE,HKD,2014-06-01,2014-07-01,13.0045,1401801561000,005b0000000L061AAC,1401801561000,005b0000000L061AAC,1404381498000
04wb00000001EnpAAE,SGD,2014-06-01,2014-07-01,2.1028,1401801562000,005b0000000L061AAC,1401801562000,005b0000000L061AAC,1404381498000
04wb00000001EnqAAE,USD,2014-06-01,2014-07-01,1.6774,1401801562000,005b0000000L061AAC,1401801562000,005b0000000L061AAC,1404381499000
04wb00000001JRgAAM,AED,2014-07-01,2014-08-01,6.2799,1404381497000,005b0000000L061AAC,1404381497000,005b0000000L061AAC,1407139443000
04wb00000001JRjAAM,SGD,2014-07-01,2014-08-01,2.1316,1404381498000,005b0000000L061AAC,1404381498000,005b0000000L061AAC,1407139445000
04wb00000001JRkAAM,USD,2014-07-01,2014-08-01,1.7099,1404381499000,005b0000000L061AAC,1404381499000,005b0000000L061AAC,1407139445000
04wb00000001NK7AAM,HKD,2014-08-01,2014-09-01,13.0844,1407139444000,005b0000000L061AAC,1407139444000,005b0000000L061AAC,1409645011000
04wb00000001RUYAA2,AED,2014-09-01,2014-10-01,6.1,1409645010000,005b0000000L061AAC,1409645010000,005b0000000L061AAC,1412932702000
04wb00000001Wm6AAE,SGD,2014-10-01,2014-11-01,2.0675,1412932703000,005b0000000L061AAC,1412932703000,005b0000000L061AAC,1415298542000
04wb00000001YjLAAU,AED,2014-11-01,2014-12-01,5.8763,1415298542000,005b0000000L061AAC,1415298542000,005b0000000L061AAC,1419193968000
04wb00000001YjOAAU,SGD,2014-11-01,2014-12-01,2.0566,1415298542000,005b0000000L061AAC,1415298542000,005b0000000L061AAC,1419193968000
04wb00000001ZXgAAM,EUR,2014-12-01,2015-05-01,1.2563,1419193968000,005b0000000L061AAC,1419193968000,005b0000000L061AAC,1430846717000
04wb00000001ZXhAAM,HKD,2014-12-01,2015-05-01,12.1448,1419193968000,005b0000000L061AAC,1419193968000,005b0000000L061AAC,1430846717000
04wb00000001ZXiAAM,SGD,2014-12-01,2015-05-01,2.0414,1419193968000,005b0000000L061AAC,1419193968000,005b0000000L061AAC,1430846717000
04wb00000001c2vAAA,EUR,2015-05-01,2015-07-01,1.372,1430846717000,005b0000000L061AAC,1430846717000,005b0000000L061AAC,1436477350000
04wb00000001c2xAAA,SGD,2015-05-01,2015-07-01,2.0358,1430846717000,005b0000000L061AAC,1430846717000,005b0000000L061AAC,1436477350000
04wb00000001dYDAAY,AED,2015-07-01,2015-09-01,5.77485,1436477349000,005b0000000L061AAC,1436477349000,005b0000000L061AAC,1442777745000
04wb00000001dYEAAY,EUR,2015-07-01,2015-09-01,1.4118,1436477350000,005b0000000L061AAC,1436477350000,005b0000000L061AAC,1442777747000
04wb00000001dYFAAY,HKD,2015-07-01,2015-09-01,12.1941,1436477350000,005b0000000L061AAC,1436477350000,005b0000000L061AAC,1442777747000
04wb00000001dYHAAY,USD,2015-07-01,2015-09-01,1.5729,1436477350000,005b0000000L061AAC,1436477350000,005b0000000L061AAC,1442777747000
04wb00000004h51AAA,CHF,2015-09-01,2015-10-01,1.4751,1442777746000,005b0000000L061AAC,1442777746000,005b0000000L061AAC,1443689565000
04wb00000004hN9AAI,USD,2015-10-01,2015-11-01,1.5147,1443689565000,005b0000000L061AAC,1443689565000,005b0000000L061AAC,1446463157000
04wb00000004juXAAQ,HKD,2015-12-01,2016-01-01,11.6692,1451832138000,005b0000000L061AAC,1451832138000,005b0000000L061AAC,1452183440000
04wb00000004k29AAA,USD,2016-01-01,2016-02-01,1.4819,1452183441000,005b0000000L061AAC,1452183441000,005b0000000L061AAC,1454329688000
04wb00000004zknAAA,EUR,2017-06-01,2017-07-01,1.1481,1496329765000,005b0000000L061AAC,1496329765000,005b0000000L061AAC,1499156955000
04w0X000000DV0zQAG,EUR,2018-10-01,2018-11-01,1.1169,1538409076000,005b0000000L061AAC,1538409076000,005b0000000L061AAC,1541070116000
04w0X000000DV1HQAW,AUD,2018-12-01,2019-01-01,1.7472,1543833636000,005b0000000L061AAC,1543833636000,005b0000000L061AAC,1546422535000
04w0X000000DV1NQAW,SGD,2018-12-01,2019-01-01,1.7504,1543833637000,005b0000000L061AAC,1543833637000,005b0000000L061AAC,1546422536000
04w0X000000DV1RQAW,AUD,2019-01-01,2019-02-01,1.8092,1546422535000,005b0000000L061AAC,1546422535000,005b0000000L061AAC,1549014675000
04w0X000000DV1eQAG,HKD,2019-02-01,2019-03-01,10.3208,1549014676000,005b0000000L061AAC,1549014676000,005b0000000L061AAC,1551449901000
04w0X000000Qfn7QAC,AUD,2019-03-01,2021-09-02,1.8693,1551449900000,005b0000000L061AAC,1551449900000,005b0000000L061AAC,1630593681000
04w0X000000QfnAQAS,HKD,2019-03-01,2021-09-02,10.4402,1551449901000,005b0000000L061AAC,1551449901000,005b0000000L061AAC,1630593682000
04w0X000000QfnEQAS,USD,2019-03-01,2021-09-02,1.33,1551449901000,005b0000000L061AAC,1551449901000,005b0000000L061AAC,1630593683000
04w0X000000kCgmQAE,SGD,2018-01-01,2018-02-01,1.8048,1514890064000,005b0000000L061AAC,1514890064000,005b0000000L061AAC,1517485559000
04w0X000000kCgrQAE,AUD,2018-02-01,2018-03-01,1.7563,1517485559000,005b0000000L061AAC,1517485559000,005b0000000L061AAC,1519903461000
04w0X000000kCh3QAE,EUR,2018-03-01,2018-04-01,1.1299,1519903462000,005b0000000L061AAC,1519903462000,005b0000000L061AAC,1522918674000
04w0X000000kCh7QAE,USD,2018-03-01,2018-04-01,1.378,1519903462000,005b0000000L061AAC,1519903462000,005b0000000L061AAC,1522918675000
04w0X000000kChHQAU,USD,2018-04-01,2018-05-01,1.4033,1522918675000,005b0000000L061AAC,1522918675000,005b0000000L061AAC,1525168937000
04w0X000000kChOQAU,HKD,2018-05-01,2018-06-01,10.812,1525168937000,005b0000000L061AAC,1525168937000,005b0000000L061AAC,1527844672000
04w0X000000kChQQAU,SGD,2018-05-01,2018-06-01,1.8241,1525168937000,005b0000000L061AAC,1525168937000,005b0000000L061AAC,1527844672000
04w7Z0000008oYPQAY,CHF,2021-09-02,2021-09-07,1.3247,1630593682000,0050X000008uaG0QAI,1630593682000,0050X000008uaG0QAI,1631007995000
04w7Z0000008oYRQAY,HKD,2021-09-02,2021-09-07,10.4402,1630593682000,0050X000008uaG0QAI,1630593682000,0050X000008uaG0QAI,1631007996000
04w7Z0000008oYSQAY,MYR,2021-09-02,2021-09-07,5.4084,1630593682000,0050X000008uaG0QAI,1630593682000,0050X000008uaG0QAI,1631007996000
04w7Z0000008oYUQAY,SGD,2021-09-02,2021-09-07,1.7967,1630593682000,0050X000008uaG0QAI,1630593682000,0050X000008uaG0QAI,1631007996000
04w7Z0000008oYVQAY,USD,2021-09-02,2021-09-07,1.3761,1630593683000,0050X000008uaG0QAI,1630593683000,0050X000008uaG0QAI,1631007996000
04w7Z0000008oYZQAY,CHF,2021-09-07,9999-12-31,1.2,1631007995000,0050X000008uaG0QAI,1631007995000,0050X000008uaG0QAI,1631007995000
04w7Z0000008oYfQAI,USD,2021-09-07,9999-12-31,1.2,1631007996000,0050X000008uaG0QAI,1631007996000,0050X000008uaG0QAI,1631007996000
04wb00000000HssAAE,SGD,0000-12-30,2014-02-01,2.1007,1393757057000,005b0000000L03vAAC,1393757057000,005b0000000L03vAAC,1395391980000
04wb00000000ms3AAA,HKD,2014-02-01,2014-03-01,12.7611,1395391980000,005b0000000L061AAC,1395391980000,005b0000000L061AAC,1395392480000
04wb00000000ms6AAA,AED,2014-03-01,2014-04-01,6.1554,1395392479000,005b0000000L061AAC,1395392479000,005b0000000L061AAC,1396353841000
04wb00000000ms7AAA,EUR,2014-03-01,2014-04-01,1.2134,1395392480000,005b0000000L061AAC,1395392480000,005b0000000L061AAC,1396353842000
04wb000000014MVAAY,SGD,2014-04-01,2014-05-01,2.0965,1396353843000,005b0000000L061AAC,1396353843000,005b0000000L061AAC,1399044578000
04wb000000019PbAAI,EUR,2014-05-01,2014-06-01,1.2178,1399044577000,005b0000000L061AAC,1399044577000,005b0000000L061AAC,1401801561000
04wb00000001EnnAAE,EUR,2014-06-01,2014-07-01,1.2293,1401801561000,005b0000000L061AAC,1401801561000,005b0000000L061AAC,1404381497000
04wb00000001NK8AAM,SGD,2014-08-01,2014-09-01,2.1068,1407139445000,005b0000000L061AAC,1407139445000,005b0000000L061AAC,1409645011000
04wb00000001RUZAA2,EUR,2014-09-01,2014-10-01,1.2608,1409645011000,005b0000000L061AAC,1409645011000,005b0000000L061AAC,1412932703000
04wb00000001RUaAAM,HKD,2014-09-01,2014-10-01,12.8711,1409645011000,005b0000000L061AAC,1409645011000,005b0000000L061AAC,1412932703000
04wb00000001RUbAAM,SGD,2014-09-01,2014-10-01,2.0725,1409645011000,005b0000000L061AAC,1409645011000,005b0000000L061AAC,1412932703000
04wb00000001RUcAAM,USD,2014-09-01,2014-10-01,1.6608,1409645011000,005b0000000L061AAC,1409645011000,005b0000000L061AAC,1412932703000
04wb00000001Wm5AAE,HKD,2014-10-01,2014-11-01,12.5884,1412932703000,005b0000000L061AAC,1412932703000,005b0000000L061AAC,1415298542000
04wb00000001YjPAAU,USD,2014-11-01,2014-12-01,1.5999,1415298542000,005b0000000L061AAC,1415298542000,005b0000000L061AAC,1419193968000
04wb00000001c2wAAA,HKD,2015-05-01,2015-07-01,11.912,1430846717000,005b0000000L061AAC,1430846717000,005b0000000L061AAC,1436477350000
04wb00000001c2yAAA,USD,2015-05-01,2015-07-01,1.5368,1430846718000,005b0000000L061AAC,1430846718000,005b0000000L061AAC,1436477350000
04wb00000004h52AAA,EUR,2015-09-01,2015-10-01,1.3689,1442777747000,005b0000000L061AAC,1442777747000,005b0000000L061AAC,1443689565000
04wb00000004h53AAA,HKD,2015-09-01,2015-10-01,11.8992,1442777747000,005b0000000L061AAC,1442777747000,005b0000000L061AAC,1443689565000
04wb00000004h54AAA,SGD,2015-09-01,2015-10-01,2.1589,1442777747000,005b0000000L061AAC,1442777747000,005b0000000L061AAC,1443689565000
04wb00000004hN5AAI,CHF,2015-10-01,2015-11-01,1.4797,1443689565000,005b0000000L061AAC,1443689565000,005b0000000L061AAC,1446463156000
04wb00000004hN8AAI,SGD,2015-10-01,2015-11-01,2.1538,1443689565000,005b0000000L061AAC,1443689565000,005b0000000L061AAC,1446463157000
04wb00000004iKzAAI,AED,2015-11-01,2015-12-01,5.66357,1446463156000,005b0000000L061AAC,1446463156000,005b0000000L061AAC,1451832137000
04wb00000004iL1AAI,EUR,2015-11-01,2015-12-01,1.3987,1446463156000,005b0000000L061AAC,1446463156000,005b0000000L061AAC,1451832138000
04wb00000004iL2AAI,HKD,2015-11-01,2015-12-01,11.9685,1446463157000,005b0000000L061AAC,1446463157000,005b0000000L061AAC,1451832138000
04wb00000004iL4AAI,USD,2015-11-01,2015-12-01,1.5443,1446463157000,005b0000000L061AAC,1446463157000,005b0000000L061AAC,1451832138000
04wb00000004juWAAQ,EUR,2015-12-01,2016-01-01,1.4253,1451832138000,005b0000000L061AAC,1451832138000,005b0000000L061AAC,1452183440000
04wb00000004juYAAQ,SGD,2015-12-01,2016-01-01,2.1208,1451832138000,005b0000000L061AAC,1451832138000,005b0000000L061AAC,1452183440000
04wb00000004juZAAQ,USD,2015-12-01,2016-01-01,1.5053,1451832138000,005b0000000L061AAC,1451832138000,005b0000000L061AAC,1452183441000
04wb00000004k24AAA,AED,2016-01-01,2016-02-01,5.41143,1452183439000,005b0000000L061AAC,1452183439000,005b0000000L061AAC,1454329686000
04wb00000004k27AAA,HKD,2016-01-01,2016-02-01,11.4862,1452183440000,005b0000000L061AAC,1452183440000,005b0000000L061AAC,1454329687000
04wb00000004zkkAAA,AED,2017-06-01,2017-07-01,4.71477,1496329762000,005b0000000L061AAC,1496329762000,005b0000000L061AAC,1499156953000
04w0X000000DV1OQAW,USD,2018-12-01,2019-01-01,1.276,1543833637000,005b0000000L061AAC,1543833637000,005b0000000L061AAC,1546422536000
04w0X000000DV1XQAW,SGD,2019-01-01,2019-02-01,1.7388,1546422536000,005b0000000L061AAC,1546422536000,005b0000000L061AAC,1549014676000
04w0X000000QfnDQAS,SGD,2019-03-01,2021-09-02,1.7967,1551449901000,005b0000000L061AAC,1551449901000,005b0000000L061AAC,1630593682000
04w0X000000kChAQAU,AED,2018-04-01,2018-05-01,5.14559,1522918674000,005b0000000L061AAC,1522918674000,005b0000000L061AAC,1525168936000
04w0X000000kChPQAU,MYR,2018-05-01,2018-06-01,5.4023,1525168937000,005b0000000L061AAC,1525168937000,005b0000000L061AAC,1527844672000
04w7Z0000008oYNQAY,AED,2021-09-02,2021-09-07,4.88002,1630593681000,0050X000008uaG0QAI,1630593681000,0050X000008uaG0QAI,1631007995000
04wb00000001JRiAAM,HKD,2014-07-01,2014-08-01,13.252,1404381498000,005b0000000L061AAC,1404381498000,005b0000000L061AAC,1407139444000
04wb00000001NK5AAM,AED,2014-08-01,2014-09-01,6.2012,1407139443000,005b0000000L061AAC,1407139443000,005b0000000L061AAC,1409645010000
04wb00000001NK6AAM,EUR,2014-08-01,2014-09-01,1.2619,1407139444000,005b0000000L061AAC,1407139444000,005b0000000L061AAC,1409645011000
04wb00000001NK9AAM,USD,2014-08-01,2014-09-01,1.6883,1407139445000,005b0000000L061AAC,1407139445000,005b0000000L061AAC,1409645011000
04wb00000001Wm3AAE,AED,2014-10-01,2014-11-01,5.9544,1412932702000,005b0000000L061AAC,1412932702000,005b0000000L061AAC,1415298542000
04wb00000001YjNAAU,HKD,2014-11-01,2014-12-01,12.4072,1415298542000,005b0000000L061AAC,1415298542000,005b0000000L061AAC,1419193968000
04wb00000001c2uAAA,AED,2015-05-01,2015-07-01,5.65547,1430846717000,005b0000000L061AAC,1430846717000,005b0000000L061AAC,1436477349000
04wb00000001dYGAAY,SGD,2015-07-01,2015-09-01,2.1182,1436477350000,005b0000000L061AAC,1436477350000,005b0000000L061AAC,1442777747000
04wb00000004h50AAA,AED,2015-09-01,2015-10-01,5.65445,1442777745000,005b0000000L061AAC,1442777745000,005b0000000L061AAC,1443689564000
04wb00000004h55AAA,USD,2015-09-01,2015-10-01,1.5354,1442777747000,005b0000000L061AAC,1442777747000,005b0000000L061AAC,1443689565000
04wb00000004hN7AAI,HKD,2015-10-01,2015-11-01,11.7391,1443689565000,005b0000000L061AAC,1443689565000,005b0000000L061AAC,1446463157000
04wb00000004iL0AAI,CHF,2015-11-01,2015-12-01,1.5225,1446463156000,005b0000000L061AAC,1446463156000,005b0000000L061AAC,1451832137000
04wb00000004juUAAQ,AED,2015-12-01,2016-01-01,5.51998,1451832137000,005b0000000L061AAC,1451832137000,005b0000000L061AAC,1452183439000
04wb00000004k25AAA,CHF,2016-01-01,2016-02-01,1.4726,1452183440000,005b0000000L061AAC,1452183440000,005b0000000L061AAC,1454329687000
04wb00000004k28AAA,SGD,2016-01-01,2016-02-01,2.095,1452183440000,005b0000000L061AAC,1452183440000,005b0000000L061AAC,1454329688000
04wb00000004zklAAA,AUD,2017-06-01,2017-07-01,1.7341,1496329763000,005b0000000L061AAC,1496329763000,005b0000000L061AAC,1499156954000
04wb00000004zkmAAA,CHF,2017-06-01,2017-07-01,1.2494,1496329763000,005b0000000L061AAC,1496329763000,005b0000000L061AAC,1499156954000
04wb00000004zkoAAA,HKD,2017-06-01,2017-07-01,10.0618,1496329765000,005b0000000L061AAC,1496329765000,005b0000000L061AAC,1499156955000
04wb00000004zkpAAA,MYR,2017-06-01,2017-07-01,5.5276,1496329765000,005b0000000L061AAC,1496329765000,005b0000000L061AAC,1499156955000
04w0X000000DV1WQAW,SEK,2019-01-01,2019-02-01,11.4292,1546422536000,005b0000000L061AAC,1546422536000,005b0000000L061AAC,1549014676000
04wb00000000ms2AAA,EUR,2014-02-01,2014-03-01,1.2187,1395391979000,005b0000000L061AAC,1395391979000,005b0000000L061AAC,1395392480000
04w7Z0000008oYTQAY,SEK,2021-09-02,2021-09-07,12.2772,1630593682000,0050X000008uaG0QAI,1630593682000,0050X000008uaG0QAI,1631007996000
04wb00000001JRhAAM,EUR,2014-07-01,2014-08-01,1.2489,1404381497000,005b0000000L061AAC,1404381497000,005b0000000L061AAC,1407139444000
04w7Z0000008oYaQAI,EUR,2021-09-07,9999-12-31,1.2,1631007995000,0050X000008uaG0QAI,1631007995000,0050X000008uaG0QAI,1631007995000
04wb00000000GzXAAU,GBP,0000-12-30,9999-12-31,1,1391787995000,005b0000000L03lAAC,1391787995000,005b0000000L03lAAC,1391787995000
04wb000000019PaAAI,AED,2014-05-01,2014-06-01,6.202,1399044577000,005b0000000L061AAC,1399044577000,005b0000000L061AAC,1401801560000
04wb00000001Wm4AAE,EUR,2014-10-01,2014-11-01,1.2834,1412932703000,005b0000000L061AAC,1412932703000,005b0000000L061AAC,1415298542000
04wb00000001Wm7AAE,USD,2014-10-01,2014-11-01,1.6212,1412932703000,005b0000000L061AAC,1412932703000,005b0000000L061AAC,1415298542000
04wb00000001YjMAAU,EUR,2014-11-01,2014-12-01,1.2769,1415298542000,005b0000000L061AAC,1415298542000,005b0000000L061AAC,1419193968000
04wb00000001ZXfAAM,AED,2014-12-01,2015-05-01,5.7522,1419193968000,005b0000000L061AAC,1419193968000,005b0000000L061AAC,1430846717000
04wb00000001ZXjAAM,USD,2014-12-01,2015-05-01,1.5661,1419193968000,005b0000000L061AAC,1419193968000,005b0000000L061AAC,1430846718000
04wb00000004hN4AAI,AED,2015-10-01,2015-11-01,5.56434,1443689564000,005b0000000L061AAC,1443689564000,005b0000000L061AAC,1446463156000
04wb00000004hN6AAI,EUR,2015-10-01,2015-11-01,1.3565,1443689565000,005b0000000L061AAC,1443689565000,005b0000000L061AAC,1446463156000
04wb00000004iL3AAI,SGD,2015-11-01,2015-12-01,2.1626,1446463157000,005b0000000L061AAC,1446463157000,005b0000000L061AAC,1451832138000
04wb00000004juVAAQ,CHF,2015-12-01,2016-01-01,1.5473,1451832137000,005b0000000L061AAC,1451832137000,005b0000000L061AAC,1452183440000
04wb00000000Ht7AAE,AED,0000-12-30,2014-02-01,6.0364,1393757169000,005b0000000L03vAAC,1393757169000,005b0000000L03vAAC,1395391978000
04wb00000004k26AAA,EUR,2016-01-01,2016-02-01,1.3605,1452183440000,005b0000000L061AAC,1452183440000,005b0000000L061AAC,1454329687000
04wb00000004zkqAAA,SGD,2017-06-01,2017-07-01,1.7862,1496329766000,005b0000000L061AAC,1496329766000,005b0000000L061AAC,1499156956000
04wb00000004zkrAAA,USD,2017-06-01,2017-07-01,1.2912,1496329766000,005b0000000L061AAC,1496329766000,005b0000000L061AAC,1499156956000
04wb000000055D3AAI,AED,2017-07-01,2017-08-01,4.78055,1499156953000,005b0000000L061AAC,1499156953000,005b0000000L061AAC,1501580283000
04wb000000055D4AAI,AUD,2017-07-01,2017-08-01,1.6936,1499156954000,005b0000000L061AAC,1499156954000,005b0000000L061AAC,1501580284000
04wb000000055D5AAI,CHF,2017-07-01,2017-08-01,1.2442,1499156954000,005b0000000L061AAC,1499156954000,005b0000000L061AAC,1501580284000
04wb000000055D6AAI,EUR,2017-07-01,2017-08-01,1.1391,1499156955000,005b0000000L061AAC,1499156955000,005b0000000L061AAC,1501580285000
04wb000000055D8AAI,MYR,2017-07-01,2017-08-01,5.576,1499156955000,005b0000000L061AAC,1499156955000,005b0000000L061AAC,1501580286000
04wb000000055D9AAI,SGD,2017-07-01,2017-08-01,1.7887,1499156956000,005b0000000L061AAC,1499156956000,005b0000000L061AAC,1501580286000
04wb000000055DAAAY,USD,2017-07-01,2017-08-01,1.299,1499156956000,005b0000000L061AAC,1499156956000,005b0000000L061AAC,1501580287000
04wb000000059mvAAA,AED,2017-08-01,2017-09-01,4.82888,1501580283000,005b0000000L061AAC,1501580283000,005b0000000L061AAC,1504285809000
04wb000000059mwAAA,AUD,2017-08-01,2017-09-01,1.6516,1501580284000,005b0000000L061AAC,1501580284000,005b0000000L061AAC,1504285810000
04wb000000059mxAAA,CHF,2017-08-01,2017-09-01,1.2718,1501580284000,005b0000000L061AAC,1501580284000,005b0000000L061AAC,1504285810000
04wb000000059myAAA,EUR,2017-08-01,2017-09-01,1.1182,1501580285000,005b0000000L061AAC,1501580285000,005b0000000L061AAC,1504285810000
04wb000000059n0AAA,MYR,2017-08-01,2017-09-01,5.6443,1501580286000,005b0000000L061AAC,1501580286000,005b0000000L061AAC,1504285811000
04wb000000059n1AAA,SGD,2017-08-01,2017-09-01,1.7896,1501580286000,005b0000000L061AAC,1501580286000,005b0000000L061AAC,1504285811000
04wb000000059n2AAA,USD,2017-08-01,2017-09-01,1.3183,1501580287000,005b0000000L061AAC,1501580287000,005b0000000L061AAC,1504285812000
04wb00000005E58AAE,AED,2017-09-01,2017-10-01,4.73853,1504285809000,005b0000000L061AAC,1504285809000,005b0000000L061AAC,1507233533000
04wb00000005E59AAE,AUD,2017-09-01,2017-10-01,1.6248,1504285810000,005b0000000L061AAC,1504285810000,005b0000000L061AAC,1507233534000
04wb00000005E5BAAU,EUR,2017-09-01,2017-10-01,1.0837,1504285810000,005b0000000L061AAC,1504285810000,005b0000000L061AAC,1507233534000
04wb00000005E5CAAU,HKD,2017-09-01,2017-10-01,10.085,1504285811000,005b0000000L061AAC,1504285811000,005b0000000L061AAC,1507233535000
04wb00000005E5EAAU,SGD,2017-09-01,2017-10-01,1.7504,1504285811000,005b0000000L061AAC,1504285811000,005b0000000L061AAC,1507233536000
04wb00000005E5FAAU,USD,2017-09-01,2017-10-01,1.2886,1504285812000,005b0000000L061AAC,1504285812000,005b0000000L061AAC,1507233536000
04wb0000000AL2XAAW,MYR,0000-12-30,2016-02-01,5.8947,1454329568000,005b0000000L061AAC,1454329568000,005b0000000L061AAC,1454329688000
04wb0000000AL2cAAG,AED,2016-02-01,2016-03-01,5.22895,1454329686000,005b0000000L061AAC,1454329686000,005b0000000L061AAC,1457086156000
04wb0000000AL2dAAG,CHF,2016-02-01,2016-03-01,1.4537,1454329687000,005b0000000L061AAC,1454329687000,005b0000000L061AAC,1457086157000
04wb0000000AL2eAAG,EUR,2016-02-01,2016-03-01,1.3113,1454329687000,005b0000000L061AAC,1454329687000,005b0000000L061AAC,1457086157000
04wb0000000AL2fAAG,HKD,2016-02-01,2016-03-01,11.0413,1454329687000,005b0000000L061AAC,1454329687000,005b0000000L061AAC,1457086157000
04wb0000000AL2hAAG,SGD,2016-02-01,2016-03-01,2.019,1454329688000,005b0000000L061AAC,1454329688000,005b0000000L061AAC,1457086157000
04wb0000000AL2iAAG,USD,2016-02-01,2016-03-01,1.4187,1454329688000,005b0000000L061AAC,1454329688000,005b0000000L061AAC,1457086158000
04wb0000000AXfgAAG,AED,2017-10-01,2017-11-01,4.91697,1507233533000,005b0000000L061AAC,1507233533000,005b0000000L061AAC,1509573109000
04wb0000000AXfhAAG,AUD,2017-10-01,2017-11-01,1.7097,1507233534000,005b0000000L061AAC,1507233534000,005b0000000L061AAC,1509573110000
04wb0000000AXfiAAG,CHF,2017-10-01,2017-11-01,1.2981,1507233534000,005b0000000L061AAC,1507233534000,005b0000000L061AAC,1509573111000
04wb0000000AXfjAAG,EUR,2017-10-01,2017-11-01,1.1349,1507233534000,005b0000000L061AAC,1507233534000,005b0000000L061AAC,1509573111000
04wb0000000AXfkAAG,HKD,2017-10-01,2017-11-01,10.48,1507233535000,005b0000000L061AAC,1507233535000,005b0000000L061AAC,1509573112000
04wb0000000AXflAAG,MYR,2017-10-01,2017-11-01,5.6622,1507233535000,005b0000000L061AAC,1507233535000,005b0000000L061AAC,1509573112000
04wb0000000AXfmAAG,SGD,2017-10-01,2017-11-01,1.8218,1507233536000,005b0000000L061AAC,1507233536000,005b0000000L061AAC,1509573112000
04wb0000000AXfnAAG,USD,2017-10-01,2017-11-01,1.3416,1507233536000,005b0000000L061AAC,1507233536000,005b0000000L061AAC,1509573113000
04wb0000000Ac8IAAS,AED,2017-11-01,2017-12-01,4.86053,1509573109000,005b0000000L061AAC,1509573109000,005b0000000L061AAC,1512123392000
04wb0000000Ac8LAAS,EUR,2017-11-01,2017-12-01,1.14,1509573111000,005b0000000L061AAC,1509573111000,005b0000000L061AAC,1512123395000
04wb0000000Ac8NAAS,MYR,2017-11-01,2017-12-01,5.6201,1509573112000,005b0000000L061AAC,1509573112000,005b0000000L061AAC,1512123396000
04wb0000000Ac8OAAS,SGD,2017-11-01,2017-12-01,1.8094,1509573112000,005b0000000L061AAC,1509573112000,005b0000000L061AAC,1512123396000
04wb0000000Ac8PAAS,USD,2017-11-01,2017-12-01,1.328,1509573113000,005b0000000L061AAC,1509573113000,005b0000000L061AAC,1512123397000
04wb0000000L9aYAAS,AED,2016-10-01,2016-11-01,4.76456,1475512013000,005b0000000L061AAC,1475512013000,005b0000000L061AAC,1477998312000
04wb0000000L9aZAAS,AUD,2016-10-01,2016-11-01,1.6977,1475512014000,005b0000000L061AAC,1475512014000,005b0000000L061AAC,1477998312000
04wb0000000L9aaAAC,CHF,2016-10-01,2016-11-01,1.2587,1475512014000,005b0000000L061AAC,1475512014000,005b0000000L061AAC,1477998313000
04wb0000000L9abAAC,EUR,2016-10-01,2016-11-01,1.1558,1475512015000,005b0000000L061AAC,1475512015000,005b0000000L061AAC,1477998313000
04wb0000000L9acAAC,HKD,2016-10-01,2016-11-01,10.0758,1475512015000,005b0000000L061AAC,1475512015000,005b0000000L061AAC,1477998313000
04wb0000000L9adAAC,MYR,2016-10-01,2016-11-01,5.3724,1475512015000,005b0000000L061AAC,1475512015000,005b0000000L061AAC,1477998314000
04wb0000000L9aeAAC,SGD,2016-10-01,2016-11-01,1.7715,1475512015000,005b0000000L061AAC,1475512015000,005b0000000L061AAC,1477998314000
04wb0000000L9afAAC,USD,2016-10-01,2016-11-01,1.2991,1475512016000,005b0000000L061AAC,1475512016000,005b0000000L061AAC,1477998314000
04wb0000000L9tuAAC,AED,2016-11-01,2016-12-01,4.47635,1477998312000,005b0000000L061AAC,1477998312000,005b0000000L061AAC,1480586997000
04wb0000000L9tvAAC,AUD,2016-11-01,2016-12-01,1.6046,1477998312000,005b0000000L061AAC,1477998312000,005b0000000L061AAC,1480586999000
04wb0000000L9twAAC,CHF,2016-11-01,2016-12-01,1.2078,1477998313000,005b0000000L061AAC,1477998313000,005b0000000L061AAC,1480586999000
04wb0000000L9txAAC,EUR,2016-11-01,2016-12-01,1.1142,1477998313000,005b0000000L061AAC,1477998313000,005b0000000L061AAC,1480586999000
04wb0000000L9tyAAC,HKD,2016-11-01,2016-12-01,9.472,1477998313000,005b0000000L061AAC,1477998313000,005b0000000L061AAC,1480586999000
04wb0000000L9tzAAC,MYR,2016-11-01,2016-12-01,5.1238,1477998314000,005b0000000L061AAC,1477998314000,005b0000000L061AAC,1480587000000
04wb0000000L9u0AAC,SGD,2016-11-01,2016-12-01,1.6998,1477998314000,005b0000000L061AAC,1477998314000,005b0000000L061AAC,1480587000000
04wb0000000L9u1AAC,USD,2016-11-01,2016-12-01,1.2214,1477998314000,005b0000000L061AAC,1477998314000,005b0000000L061AAC,1480587000000
04wb0000000L9uOAAS,AED,2016-12-01,2017-01-01,4.58226,1480586997000,005b0000000L061AAC,1480586997000,005b0000000L061AAC,1483607061000
04wb0000000L9uPAAS,AUD,2016-12-01,2017-01-01,1.6918,1480586999000,005b0000000L061AAC,1480586999000,005b0000000L061AAC,1483607062000
04wb0000000L9uTAAS,MYR,2016-12-01,2017-01-01,5.5812,1480587000000,005b0000000L061AAC,1480587000000,005b0000000L061AAC,1483607063000
04wb0000000L9uUAAS,SGD,2016-12-01,2017-01-01,1.7901,1480587000000,005b0000000L061AAC,1480587000000,005b0000000L061AAC,1483607064000
04wb0000000L9uVAAS,USD,2016-12-01,2017-01-01,1.2497,1480587000000,005b0000000L061AAC,1480587000000,005b0000000L061AAC,1483607064000
04wb0000000LANcAAO,CHF,2017-01-01,2017-02-01,1.2522,1483607062000,005b0000000L061AAC,1483607062000,005b0000000L061AAC,1485947171000
04wb0000000LANdAAO,EUR,2017-01-01,2017-02-01,1.1651,1483607062000,005b0000000L061AAC,1483607062000,005b0000000L061AAC,1485947171000
04wb0000000LANeAAO,HKD,2017-01-01,2017-02-01,9.5405,1483607063000,005b0000000L061AAC,1483607063000,005b0000000L061AAC,1485947172000
04wb0000000LANhAAO,USD,2017-01-01,2017-02-01,1.2303,1483607064000,005b0000000L061AAC,1483607064000,005b0000000L061AAC,1485947173000
04wb0000000LAoMAAW,AED,2017-02-01,2017-03-01,4.59396,1485947169000,005b0000000L061AAC,1485947169000,005b0000000L061AAC,1488379948000
04wb0000000LAoNAAW,AUD,2017-02-01,2017-03-01,1.6584,1485947170000,005b0000000L061AAC,1485947170000,005b0000000L061AAC,1488379949000
04wb0000000LAoOAAW,CHF,2017-02-01,2017-03-01,1.2415,1485947171000,005b0000000L061AAC,1485947171000,005b0000000L061AAC,1488379949000
04wb0000000LAoQAAW,HKD,2017-02-01,2017-03-01,9.7684,1485947172000,005b0000000L061AAC,1485947172000,005b0000000L061AAC,1488379950000
04wb0000000LAoSAAW,SGD,2017-02-01,2017-03-01,1.7733,1485947172000,005b0000000L061AAC,1485947172000,005b0000000L061AAC,1488379950000
04wb0000000LAoTAAW,USD,2017-02-01,2017-03-01,1.2589,1485947173000,005b0000000L061AAC,1485947173000,005b0000000L061AAC,1488379951000
04wb0000000LBKJAA4,AUD,2017-03-01,2017-04-01,1.6183,1488379949000,005b0000000L061AAC,1488379949000,005b0000000L061AAC,1491214877000
04wb0000000LBKKAA4,CHF,2017-03-01,2017-04-01,1.2462,1488379949000,005b0000000L061AAC,1488379949000,005b0000000L061AAC,1491214877000
04wb0000000LBKMAA4,HKD,2017-03-01,2017-04-01,9.6607,1488379950000,005b0000000L061AAC,1488379950000,005b0000000L061AAC,1491214878000
04wb0000000LBKNAA4,MYR,2017-03-01,2017-04-01,5.5256,1488379950000,005b0000000L061AAC,1488379950000,005b0000000L061AAC,1491214878000
04wb0000000LBKOAA4,SGD,2017-03-01,2017-04-01,1.7404,1488379950000,005b0000000L061AAC,1488379950000,005b0000000L061AAC,1491214879000
04wb0000000LBKPAA4,USD,2017-03-01,2017-04-01,1.2445,1488379951000,005b0000000L061AAC,1488379951000,005b0000000L061AAC,1491214879000
04wb0000000LCgKAAW,AED,2017-04-01,2017-05-01,4.60623,1491214876000,005b0000000L061AAC,1491214876000,005b0000000L061AAC,1493734684000
04wb0000000LCgLAAW,AUD,2017-04-01,2017-05-01,1.6398,1491214877000,005b0000000L061AAC,1491214877000,005b0000000L061AAC,1493734685000
04wb0000000LCgNAAW,EUR,2017-04-01,2017-05-01,1.1694,1491214878000,005b0000000L061AAC,1491214878000,005b0000000L061AAC,1493734686000
04wb0000000LCgPAAW,MYR,2017-04-01,2017-05-01,5.535,1491214878000,005b0000000L061AAC,1491214878000,005b0000000L061AAC,1493734686000
04wb0000000LCgQAAW,SGD,2017-04-01,2017-05-01,1.7476,1491214879000,005b0000000L061AAC,1491214879000,005b0000000L061AAC,1493734687000
04wb0000000LCgRAAW,USD,2017-04-01,2017-05-01,1.2507,1491214879000,005b0000000L061AAC,1491214879000,005b0000000L061AAC,1493734687000
04wb0000000LLCVAA4,CHF,2017-05-01,2017-06-01,1.2877,1493734685000,005b0000000L061AAC,1493734685000,005b0000000L061AAC,1496329763000
04wb0000000LLCWAA4,EUR,2017-05-01,2017-06-01,1.1881,1493734686000,005b0000000L061AAC,1493734686000,005b0000000L061AAC,1496329765000
04wb0000000LLCXAA4,HKD,2017-05-01,2017-06-01,10.0628,1493734686000,005b0000000L061AAC,1493734686000,005b0000000L061AAC,1496329765000
04wb0000000LLCYAA4,MYR,2017-05-01,2017-06-01,5.6164,1493734686000,005b0000000L061AAC,1493734686000,005b0000000L061AAC,1496329765000
04wb0000000LLCaAAO,USD,2017-05-01,2017-06-01,1.2938,1493734687000,005b0000000L061AAC,1493734687000,005b0000000L061AAC,1496329766000
04wb0000000QdjKAAS,AED,2017-12-01,2018-01-01,4.95035,1512123392000,005b0000000L061AAC,1512123392000,005b0000000L061AAC,1514890064000
04wb0000000QdjLAAS,AUD,2017-12-01,2018-01-01,1.7817,1512123394000,005b0000000L061AAC,1512123394000,005b0000000L061AAC,1514890064000
04wb0000000QdjMAAS,CHF,2017-12-01,2018-01-01,1.3286,1512123394000,005b0000000L061AAC,1512123394000,005b0000000L061AAC,1514890064000
04wb0000000QdjNAAS,EUR,2017-12-01,2018-01-01,1.1348,1512123395000,005b0000000L061AAC,1512123395000,005b0000000L061AAC,1514890064000
04wb0000000QdjPAAS,MYR,2017-12-01,2018-01-01,5.5331,1512123396000,005b0000000L061AAC,1512123396000,005b0000000L061AAC,1514890064000
04wb000000014MTAAY,EUR,2014-04-01,2014-05-01,1.2096,1396353842000,005b0000000L061AAC,1396353842000,005b0000000L061AAC,1399044577000
04wb000000055D7AAI,HKD,2017-07-01,2017-08-01,10.1403,1499156955000,005b0000000L061AAC,1499156955000,005b0000000L061AAC,1501580285000
04wb0000000AL2gAAG,MYR,2016-02-01,2016-03-01,5.8947,1454329688000,005b0000000L061AAC,1454329688000,005b0000000L061AAC,1457086157000
04wb0000000AL2mAAG,AUD,0000-12-30,2016-03-01,2.0061,1454329928000,005b0000000L061AAC,1454329928000,005b0000000L061AAC,1457086156000
04wb0000000Ac8JAAS,AUD,2017-11-01,2017-12-01,1.7319,1509573110000,005b0000000L061AAC,1509573110000,005b0000000L061AAC,1512123394000
04wb0000000Ac8KAAS,CHF,2017-11-01,2017-12-01,1.3238,1509573111000,005b0000000L061AAC,1509573111000,005b0000000L061AAC,1512123394000
04wb0000000LANaAAO,AED,2017-01-01,2017-02-01,4.53016,1483607061000,005b0000000L061AAC,1483607061000,005b0000000L061AAC,1485947169000
04wb0000000LANbAAO,AUD,2017-01-01,2017-02-01,1.7028,1483607062000,005b0000000L061AAC,1483607062000,005b0000000L061AAC,1485947170000
04wb0000000LANfAAO,MYR,2017-01-01,2017-02-01,5.5191,1483607063000,005b0000000L061AAC,1483607063000,005b0000000L061AAC,1485947172000
04wb0000000LCgMAAW,CHF,2017-04-01,2017-05-01,1.2517,1491214877000,005b0000000L061AAC,1491214877000,005b0000000L061AAC,1493734685000
04wb0000000LLCTAA4,AED,2017-05-01,2017-06-01,4.74347,1493734684000,005b0000000L061AAC,1493734684000,005b0000000L061AAC,1496329762000
04wb0000000LLCZAA4,SGD,2017-05-01,2017-06-01,1.8086,1493734687000,005b0000000L061AAC,1493734687000,005b0000000L061AAC,1496329766000
04wb0000000QdjQAAS,SGD,2017-12-01,2018-01-01,1.8222,1512123396000,005b0000000L061AAC,1512123396000,005b0000000L061AAC,1514890064000
04wb0000000XiEUAA0,AED,2016-07-01,2016-08-01,4.91668,1467364257000,005b0000000L061AAC,1467364257000,005b0000000L061AAC,1470044678000
04wb0000000XiEVAA0,AUD,2016-07-01,2016-08-01,1.8033,1467364258000,005b0000000L061AAC,1467364258000,005b0000000L061AAC,1470044678000
04wb0000000XiEWAA0,CHF,2016-07-01,2016-08-01,1.3085,1467364258000,005b0000000L061AAC,1467364258000,005b0000000L061AAC,1470044678000
04wb0000000XiEXAA0,EUR,2016-07-01,2016-08-01,1.2081,1467364258000,005b0000000L061AAC,1467364258000,005b0000000L061AAC,1470044679000
04wb0000000XiEZAA0,MYR,2016-07-01,2016-08-01,5.4085,1467364259000,005b0000000L061AAC,1467364259000,005b0000000L061AAC,1470044679000
04wb0000000XiEaAAK,SGD,2016-07-01,2016-08-01,1.8077,1467364259000,005b0000000L061AAC,1467364259000,005b0000000L061AAC,1470044680000
04wb0000000XiEbAAK,USD,2016-07-01,2016-08-01,1.3429,1467364259000,005b0000000L061AAC,1467364259000,005b0000000L061AAC,1470044680000
04wb0000000XjE1AAK,AED,2016-08-01,2016-09-01,4.85568,1470044678000,005b0000000L061AAC,1470044678000,005b0000000L061AAC,1472747124000
04wb0000000XjE2AAK,AUD,2016-08-01,2016-09-01,1.7463,1470044678000,005b0000000L061AAC,1470044678000,005b0000000L061AAC,1472747124000
04wb0000000XjE3AAK,CHF,2016-08-01,2016-09-01,1.282,1470044678000,005b0000000L061AAC,1470044678000,005b0000000L061AAC,1472747125000
04wb0000000XjE4AAK,EUR,2016-08-01,2016-09-01,1.1867,1470044679000,005b0000000L061AAC,1470044679000,005b0000000L061AAC,1472747125000
04wb0000000XjE6AAK,MYR,2016-08-01,2016-09-01,5.4003,1470044679000,005b0000000L061AAC,1470044679000,005b0000000L061AAC,1472747126000
04wb0000000XjE7AAK,SGD,2016-08-01,2016-09-01,1.7828,1470044680000,005b0000000L061AAC,1470044680000,005b0000000L061AAC,1472747126000
04wb0000000XjnBAAS,AED,2016-09-01,2016-10-01,4.81396,1472747124000,005b0000000L061AAC,1472747124000,005b0000000L061AAC,1475512013000
04wb0000000XjnCAAS,AUD,2016-09-01,2016-10-01,1.743,1472747124000,005b0000000L061AAC,1472747124000,005b0000000L061AAC,1475512014000
04wb0000000XjnDAAS,CHF,2016-09-01,2016-10-01,1.2875,1472747125000,005b0000000L061AAC,1472747125000,005b0000000L061AAC,1475512014000
04wb0000000XjnFAAS,HKD,2016-09-01,2016-10-01,10.1606,1472747125000,005b0000000L061AAC,1472747125000,005b0000000L061AAC,1475512015000
04wb0000000XjnGAAS,MYR,2016-09-01,2016-10-01,5.3057,1472747126000,005b0000000L061AAC,1472747126000,005b0000000L061AAC,1475512015000
04wb0000000XjnHAAS,SGD,2016-09-01,2016-10-01,1.7851,1472747126000,005b0000000L061AAC,1472747126000,005b0000000L061AAC,1475512015000
04wb0000000XjnIAAS,USD,2016-09-01,2016-10-01,1.3099,1472747126000,005b0000000L061AAC,1472747126000,005b0000000L061AAC,1475512016000
04wb0000000fzlAAAQ,AED,2016-05-01,2016-06-01,5.37297,1462268993000,005b0000000L061AAC,1462268993000,005b0000000L061AAC,1464796690000
04wb0000000fzlCAAQ,CHF,2016-05-01,2016-06-01,1.4048,1462268994000,005b0000000L061AAC,1462268994000,005b0000000L061AAC,1464796691000
04wb0000000fzlEAAQ,HKD,2016-05-01,2016-06-01,11.3646,1462268994000,005b0000000L061AAC,1462268994000,005b0000000L061AAC,1464796691000
04wb0000000fzlGAAQ,SGD,2016-05-01,2016-06-01,1.9693,1462268995000,005b0000000L061AAC,1462268995000,005b0000000L061AAC,1464796692000
04wb0000000fzlHAAQ,USD,2016-05-01,2016-06-01,1.465,1462268995000,005b0000000L061AAC,1462268995000,005b0000000L061AAC,1464796692000
04wb0000000g0uEAAQ,AUD,2016-06-01,2016-07-01,2.0092,1464796690000,005b0000000L061AAC,1464796690000,005b0000000L061AAC,1467364258000
04wb0000000g0uFAAQ,CHF,2016-06-01,2016-07-01,1.4474,1464796691000,005b0000000L061AAC,1464796691000,005b0000000L061AAC,1467364258000
04wb0000000g0uHAAQ,HKD,2016-06-01,2016-07-01,11.308,1464796691000,005b0000000L061AAC,1464796691000,005b0000000L061AAC,1467364259000
04wb0000000g0uKAAQ,USD,2016-06-01,2016-07-01,1.4557,1464796692000,005b0000000L061AAC,1464796692000,005b0000000L061AAC,1467364259000
04wb0000000kAEUAA2,AED,2016-03-01,2016-04-01,5.09594,1457086156000,005b0000000L061AAC,1457086156000,005b0000000L061AAC,1459711329000
04wb0000000kAEWAA2,CHF,2016-03-01,2016-04-01,1.3872,1457086157000,005b0000000L061AAC,1457086157000,005b0000000L061AAC,1459711329000
04wb0000000kAEXAA2,EUR,2016-03-01,2016-04-01,1.2821,1457086157000,005b0000000L061AAC,1457086157000,005b0000000L061AAC,1459711329000
04wb0000000kAEYAA2,HKD,2016-03-01,2016-04-01,10.8312,1457086157000,005b0000000L061AAC,1457086157000,005b0000000L061AAC,1459711329000
04wb0000000kAEZAA2,MYR,2016-03-01,2016-04-01,5.8571,1457086157000,005b0000000L061AAC,1457086157000,005b0000000L061AAC,1459711330000
04wb0000000kAEaAAM,SGD,2016-03-01,2016-04-01,1.9594,1457086157000,005b0000000L061AAC,1457086157000,005b0000000L061AAC,1459711330000
04wb0000000kB0FAAU,AUD,2016-04-01,2016-05-01,1.8685,1459711329000,005b0000000L061AAC,1459711329000,005b0000000L061AAC,1462268993000
04wb0000000kB0GAAU,CHF,2016-04-01,2016-05-01,1.3764,1459711329000,005b0000000L061AAC,1459711329000,005b0000000L061AAC,1462268994000
04wb0000000kB0HAAU,EUR,2016-04-01,2016-05-01,1.2616,1459711329000,005b0000000L061AAC,1459711329000,005b0000000L061AAC,1462268994000
04wb0000000kB0IAAU,HKD,2016-04-01,2016-05-01,11.1524,1459711329000,005b0000000L061AAC,1459711329000,005b0000000L061AAC,1462268994000
04wb0000000kB0JAAU,MYR,2016-04-01,2016-05-01,5.6132,1459711330000,005b0000000L061AAC,1459711330000,005b0000000L061AAC,1462268995000
04wb0000000kB0KAAU,SGD,2016-04-01,2016-05-01,1.9361,1459711330000,005b0000000L061AAC,1459711330000,005b0000000L061AAC,1462268995000
04wb0000000kB0LAAU,USD,2016-04-01,2016-05-01,1.4378,1459711330000,005b0000000L061AAC,1459711330000,005b0000000L061AAC,1462268995000
04wb000000059mzAAA,HKD,2017-08-01,2017-09-01,10.2963,1501580285000,005b0000000L061AAC,1501580285000,005b0000000L061AAC,1504285811000
04wb00000005E5AAAU,CHF,2017-09-01,2017-10-01,1.2382,1504285810000,005b0000000L061AAC,1504285810000,005b0000000L061AAC,1507233534000
04wb00000005E5DAAU,MYR,2017-09-01,2017-10-01,5.503,1504285811000,005b0000000L061AAC,1504285811000,005b0000000L061AAC,1507233535000
04wb0000000Ac8MAAS,HKD,2017-11-01,2017-12-01,10.3607,1509573112000,005b0000000L061AAC,1509573112000,005b0000000L061AAC,1512123395000
04wb0000000L9uQAAS,CHF,2016-12-01,2017-01-01,1.2732,1480586999000,005b0000000L061AAC,1480586999000,005b0000000L061AAC,1483607062000
04wb0000000L9uRAAS,EUR,2016-12-01,2017-01-01,1.178,1480586999000,005b0000000L061AAC,1480586999000,005b0000000L061AAC,1483607062000
04wb0000000L9uSAAS,HKD,2016-12-01,2017-01-01,9.6933,1480586999000,005b0000000L061AAC,1480586999000,005b0000000L061AAC,1483607063000
04wb0000000LAoPAAW,EUR,2017-02-01,2017-03-01,1.1646,1485947171000,005b0000000L061AAC,1485947171000,005b0000000L061AAC,1488379949000
04wb0000000LAoRAAW,MYR,2017-02-01,2017-03-01,5.5763,1485947172000,005b0000000L061AAC,1485947172000,005b0000000L061AAC,1488379950000
04wb0000000LBKIAA4,AED,2017-03-01,2017-04-01,4.56375,1488379948000,005b0000000L061AAC,1488379948000,005b0000000L061AAC,1491214876000
04wb0000000LCgOAAW,HKD,2017-04-01,2017-05-01,9.7198,1491214878000,005b0000000L061AAC,1491214878000,005b0000000L061AAC,1493734686000
04wb0000000LLCUAA4,AUD,2017-05-01,2017-06-01,1.7297,1493734685000,005b0000000L061AAC,1493734685000,005b0000000L061AAC,1496329763000
04wb0000000QdjOAAS,HKD,2017-12-01,2018-01-01,10.5679,1512123395000,005b0000000L061AAC,1512123395000,005b0000000L061AAC,1514890064000
04wb0000000QdjRAAS,USD,2017-12-01,2018-01-01,1.353,1512123397000,005b0000000L061AAC,1512123397000,005b0000000L061AAC,1514890065000
04wb0000000XiEYAA0,HKD,2016-07-01,2016-08-01,10.4181,1467364258000,005b0000000L061AAC,1467364258000,005b0000000L061AAC,1470044679000
04wb0000000XjE5AAK,HKD,2016-08-01,2016-09-01,10.2955,1470044679000,005b0000000L061AAC,1470044679000,005b0000000L061AAC,1472747125000
04wb0000000XjE8AAK,USD,2016-08-01,2016-09-01,1.3267,1470044680000,005b0000000L061AAC,1470044680000,005b0000000L061AAC,1472747126000
04wb0000000XjnEAAS,EUR,2016-09-01,2016-10-01,1.1765,1472747125000,005b0000000L061AAC,1472747125000,005b0000000L061AAC,1475512015000
04wb0000000fzlDAAQ,EUR,2016-05-01,2016-06-01,1.2791,1462268994000,005b0000000L061AAC,1462268994000,005b0000000L061AAC,1464796691000
04wb0000000fzlFAAQ,MYR,2016-05-01,2016-06-01,5.723,1462268995000,005b0000000L061AAC,1462268995000,005b0000000L061AAC,1464796691000
04wb0000000g0uDAAQ,AED,2016-06-01,2016-07-01,5.3643,1464796690000,005b0000000L061AAC,1464796690000,005b0000000L061AAC,1467364257000
04wb0000000g0uGAAQ,EUR,2016-06-01,2016-07-01,1.3077,1464796691000,005b0000000L061AAC,1464796691000,005b0000000L061AAC,1467364258000
04wb0000000g0uIAAQ,MYR,2016-06-01,2016-07-01,6.0069,1464796691000,005b0000000L061AAC,1464796691000,005b0000000L061AAC,1467364259000
04wb0000000kAEVAA2,AUD,2016-03-01,2016-04-01,1.9508,1457086156000,005b0000000L061AAC,1457086156000,005b0000000L061AAC,1459711329000
04wb0000000kAEbAAM,USD,2016-03-01,2016-04-01,1.3929,1457086158000,005b0000000L061AAC,1457086158000,005b0000000L061AAC,1459711330000
04wb0000000kB0EAAU,AED,2016-04-01,2016-05-01,5.27578,1459711328000,005b0000000L061AAC,1459711328000,005b0000000L061AAC,1462268993000
04wb0000000fzlBAAQ,AUD,2016-05-01,2016-06-01,1.9193,1462268993000,005b0000000L061AAC,1462268993000,005b0000000L061AAC,1464796690000
04wb0000000g0uJAAQ,SGD,2016-06-01,2016-07-01,2.0036,1464796692000,005b0000000L061AAC,1464796692000,005b0000000L061AAC,1467364259000
04wb0000000LANgAAO,SGD,2017-01-01,2017-02-01,1.7778,1483607064000,005b0000000L061AAC,1483607064000,005b0000000L061AAC,1485947172000
04wb0000000LBKLAA4,EUR,2017-03-01,2017-04-01,1.1713,1488379949000,005b0000000L061AAC,1488379949000,005b0000000L061AAC,1491214878000