ID,OWNERID,ISDELETED,NAME,CURRENCYISOCODE,CREATEDDATE,CREATEDBYID,LASTMODIFIEDDATE,LASTMODIFIEDBYID,SYSTEMMODSTAMP,LASTACTIVITYDATE,LASTVIEWEDDATE,LASTREFERENCEDDATE,BRAND__C,BRAND_TEXT__C,NO_OF_PROGRAMME_PASSES_REQUIRED__C
a4167000002RXVUAA4,0050X00000A7cf7QAB,FALSE,STEP Adv Cert in Trustees’ Duties: Investment and Management of the Trust Fund,GBP,1623150628000,0050X00000A7cf7QAB,1623150628000,0050X00000A7cf7QAB,1623150628000,,,,a39b00000008fYRAAY,CLT International,1
a4167000002RXVZAA4,0050X00000A7cf7QAB,FALSE,"STEP Adv Cert in Principles of International Taxation, AML and Compliance",GBP,1623152531000,0050X00000A7cf7QAB,1623152531000,0050X00000A7cf7QAB,1623152531000,,,,a390X000000ouSkQAI,CLT International Hong Kong,1
a4167000002UlqUAAS,0050X000008uoG9QAI,FALSE,ICA International Diploma in Managing Sanctions Risk,GBP,1626450520000,0050X000008uoG9QAI,1626450520000,0050X000008uoG9QAI,1626450520000,,,,a39b00000008hMSAAY,ICT,1
a41b00000009aH9AAI,005b0000000L061AAC,FALSE,Certificate in Project Management for Lawyers,GBP,1474380576000,005b0000000L061AAC,1474380577000,005b0000000L061AAC,1474687814000,,,,a39b00000008jmnAAA,CLT Scotland,1
a41b00000009c3KAAQ,005b0000000L061AAC,FALSE,ICA Advanced Certificate in Anti Money Laundering,GBP,1476980501000,005b0000000L061AAC,1539876143000,005b0000000LhTLAA0,1539876143000,,,,a39b00000008igkAAA,La Touche Training,1
a41b00000009cyRAAQ,005b0000000L061AAC,FALSE,ICA Specialist Certificate.,GBP,1479489198000,005b0000000L061AAC,1479489214000,005b0000000L061AAC,1519871585000,,,,a39b00000008igkAAA,La Touche Training,20
a41b00000009eOJAAY,005b0000000L061AAC,FALSE,STEP Advanced Certificate in Cross Border Estates,GBP,1482486158000,005b0000000L061AAC,1482486158000,005b0000000L061AAC,1487726951000,,,,a39b00000008fYRAAY,CLT International,1
a41b00000009fneAAA,005b0000000L061AAC,FALSE,ICA Certificate in KYC & CDD,GBP,1484039955000,005b0000000L061AAC,1489083805000,005b0000000L05NAAS,1519871585000,,,,a39b0000000HlhtAAC,ICT North America,1
a41b00000009fnoAAA,005b0000000L061AAC,FALSE,ICA Advanced Certification in Managing Fraud,GBP,1484040012000,005b0000000L061AAC,1484040012000,005b0000000L061AAC,1484040012000,,,,a39b0000000HlhtAAC,ICT North America,1
a41b00000009gnFAAQ,005b0000000L061AAC,FALSE,ICT Revalidation Programme,GBP,1485438330000,005b0000000L061AAC,1485438330000,005b0000000L061AAC,1516296440000,,,,a39b00000008hMSAAY,ICT,9
a41b00000009jvNAAQ,005b0000000L05NAAS,FALSE,ICA International Diploma In Anti Money Laundering,GBP,1489067635000,005b0000000L05NAAS,1489067636000,005b0000000L05NAAS,1495650673000,,,,a39b0000000HlhtAAC,ICT North America,1
a41b00000009kCWAAY,005b0000000L061AAC,FALSE,STEP Certificate in Compliance for Professional Advisors,GBP,1490373615000,005b0000000L061AAC,1490373615000,005b0000000L061AAC,1490427925000,,,,a39b00000008fYRAAY,CLT International,1
a41b00000009lQDAAY,005b0000000L061AAC,FALSE,ICA Certificate in KYC & CDD,GBP,1491926884000,005b0000000L061AAC,1491926884000,005b0000000L061AAC,1507148933000,,,,a39b0000000Tdo9AAC,ICTA,1
a41b0000000HsR6AAK,005b0000000L05NAAS,FALSE,ICA Certificate in Anti Money Laundering.,GBP,1453815367000,005b0000000L05NAAS,1453815367000,005b0000000L05NAAS,1512441231000,,,,a39b0000000Tdo4AAC,ICT Middle East,1
a41b0000000HsnCAAS,005b0000000L061AAC,FALSE,ICA International Diploma in Financial Crime Prevention.,GBP,1453988450000,005b0000000L061AAC,1453988619000,005b0000000L061AAC,1523928844000,,,,a39b00000008igkAAA,La Touche Training,1
a41b0000000HsnMAAS,005b0000000L061AAC,FALSE,ICA Certificate in Compliance,GBP,1454068267000,005b0000000L061AAC,1581697212000,0050X000008U8PoQAK,1581697212000,,,,a39b00000008igkAAA,La Touche Training,1
a41b0000000HsnRAAS,005b0000000L061AAC,FALSE,ICA Certificate in Anti Money Laundering.,GBP,1454068852000,005b0000000L061AAC,1454068852000,005b0000000L061AAC,1519785214000,,,,a39b00000008igkAAA,La Touche Training,1
a41b0000000PJMlAAO,005b00000024A7xAAE,FALSE,ICA Advanced Certificate in Practical Customer Due Diligence,GBP,1449158771000,005b00000024A7xAAE,1452597856000,005b0000000L061AAC,1519871585000,,,,a39b00000008hMSAAY,ICT,1
a41b0000000PJMnAAO,005b00000024A7xAAE,FALSE,ICA Advanced Certificate in Cyber Security,GBP,1449158771000,005b00000024A7xAAE,1501595245000,005b0000000L061AAC,1501877812000,,,,a39b00000008hMSAAY,ICT,1
a41b0000000PJMpAAO,005b00000024A7xAAE,FALSE,ICA Certificate in Regulatory & Financial Crime Compliance,GBP,1449158771000,005b00000024A7xAAE,1452597907000,005b0000000L061AAC,1478330488000,,,,a39b00000008hMSAAY,ICT,1
a41b0000000PJMqAAO,005b00000024A7xAAE,FALSE,ICT-ICA Diploma in Business Compliance,GBP,1449158771000,005b00000024A7xAAE,1449158771000,005b00000024A7xAAE,1516296440000,,,,a39b00000008hMSAAY,ICT,1
a41b0000000PJMtAAO,005b00000024A7xAAE,FALSE,ICT-International Certificate In Anti Money Laundering Awareness,GBP,1449158771000,005b00000024A7xAAE,1449158771000,005b00000024A7xAAE,1467316484000,,,,a39b00000008hMSAAY,ICT,1
a41b0000000PJMvAAO,005b00000024A7xAAE,FALSE,ICT-International Certificated Compliance Awareness Training,GBP,1449158771000,005b00000024A7xAAE,1449158771000,005b00000024A7xAAE,1510480399000,,,,a39b00000008hMSAAY,ICT,1
a41b0000000PJMwAAO,005b00000024A7xAAE,FALSE,ICA International Diploma in Anti Money Laundering,GBP,1449158771000,005b00000024A7xAAE,1507544428000,005b0000001i8K8AAI,1519785214000,,,,a39b00000008hMSAAY,ICT,1
a41b0000000PJN0AAO,005b00000024A7xAAE,FALSE,ICA Certificate in Compliance,GBP,1449158771000,005b00000024A7xAAE,1452162122000,005b0000000L061AAC,1526607258000,,,,a39b00000008hMSAAY,ICT,1
a41b0000000PJN1AAO,005b00000024A7xAAE,FALSE,ICA Certificate in Financial Crime Prevention,GBP,1449158771000,005b00000024A7xAAE,1452184791000,005b0000000L061AAC,1525311227000,,,,a39b00000008hMSAAY,ICT,1
a41b0000000PJN3AAO,005b00000024A7xAAE,FALSE,ICA Professional Postgraduate Diploma in Financial Crime Compliance,GBP,1449158771000,005b00000024A7xAAE,1522227535000,005b0000000LhTLAA0,1522287197000,,,,a39b00000008hMSAAY,ICT,1
a41b0000000PJN4AAO,005b00000024A7xAAE,FALSE,ICT-Royal Bank of Scotland,GBP,1449158771000,005b00000024A7xAAE,1449158771000,005b00000024A7xAAE,1521858816000,,,,a39b00000008hMSAAY,ICT,1
a41b0000000PJN7AAO,005b00000024A7xAAE,FALSE,UK Diploma In Compliance,GBP,1449158771000,005b00000024A7xAAE,1451858548000,005b0000000L061AAC,1482550364000,,,,a39b00000008hMSAAY,ICT,1
a41b0000000PJN8AAO,005b00000024A7xAAE,FALSE,ICA UK Diploma in Financial Crime Prevention,GBP,1449158771000,005b00000024A7xAAE,1453241538000,005b0000000L061AAC,1521167611000,,,,a39b00000008hMSAAY,ICT,1
a41b0000000PJNGAA4,005b00000024A7xAAE,FALSE,SQLICD-International Certificated Compliance Awareness Training,USD,1449158771000,005b00000024A7xAAE,1449158771000,005b00000024A7xAAE,1449158771000,,,,a39b0000000Tdo4AAC,ICT Middle East,1
a41b0000000PJNJAA4,005b00000024A7xAAE,FALSE,ICA International Diploma in Financial Crime Prevention,USD,1449158771000,005b00000024A7xAAE,1456485848000,005b0000000L061AAC,1456485848000,,,,a39b0000000Tdo4AAC,ICT Middle East,1
a41b0000000PJNLAA4,005b00000024A7xAAE,FALSE,SQLICD-Saudi Advanced,USD,1449158771000,005b00000024A7xAAE,1449158771000,005b00000024A7xAAE,1449158771000,,,,a39b0000000Tdo4AAC,ICT Middle East,1
a41b0000000PJNMAA4,005b00000024A7xAAE,FALSE,SQLICD-SCA Compliance Officer Advanced,USD,1449158771000,005b00000024A7xAAE,1449158771000,005b00000024A7xAAE,1449158771000,,,,a39b0000000Tdo4AAC,ICT Middle East,1
a41b0000000PJNRAA4,005b00000024A7xAAE,FALSE,SQLSNG-Compliance - Professional Diploma,SGD,1449158771000,005b00000024A7xAAE,1453175596000,005b0000000L061AAC,1505503043000,,,,a39b0000000Tdo9AAC,ICTA,4
a410X000000kQEWQA2,005b0000000L061AAC,FALSE,STEP Diploma in Trusts and Estates (England and Wales),GBP,1516292861000,005b0000000L061AAC,1516292987000,005b0000000L061AAC,1524534647000,,,,a39b00000008fYRAAY,CLT International,5
a410X000000tBNmQAM,005b0000000L1KUAA0,FALSE,Advanced Professional Certificate in Investigative Practice (APCIP),GBP,1512397664000,005b0000000L1KUAA0,1513089664000,005b0000000L061AAC,1523027335000,,,,a39b0000000HoE0AAK,Bond Solon,4
a410X000000tTqUQAU,005b0000002eGGJAA2,FALSE,ICA International Diploma In Anti Money Laundering,GBP,1551450628000,005b0000002eGGJAA2,1551450628000,005b0000002eGGJAA2,1551450628000,,,,a390X000000ouSfQAI,ICA Hong Kong,1
a410X000000wnj1QAA,005b0000000L1KUAA0,FALSE,ICA Advanced Certificate in Regulatory Compliance,GBP,1536070689000,005b0000000L1KUAA0,1536070689000,005b0000000L1KUAA0,1536070689000,,,,a39b00000008igkAAA,La Touche Training,1
a410X0000015ssNQAQ,005b0000000L1KUAA0,FALSE,UAE Advanced Certificate in Regulatory and Financial Crime Compliance - MLRO's,GBP,1560765286000,005b0000000L1KUAA0,1560765286000,005b0000000L1KUAA0,1560765286000,,,,a39b0000000Tdo4AAC,ICT Middle East,1
a410X0000015ssXQAQ,005b0000000L1KUAA0,FALSE,Advanced Certification in AML and Counter Financing of Terrorism,GBP,1561457269000,005b0000000L1KUAA0,1619004968000,005b0000000LhTLAA0,1619004968000,,,,a390X00000017pRQAQ,ICTA Malaysia,5
a410X000001ERHuQAO,0050X00000A79ttQAB,FALSE,ICA HSBC Elective Units,GBP,1581064970000,0050X00000A79ttQAB,1581064970000,0050X00000A79ttQAB,1581064970000,,,,a39b0000000Tdo4AAC,ICT Middle East,1
a41b0000000PJNYAA4,005b00000024A7xAAE,FALSE,SQLSNG-International Certificate in Financial Crime Awareness,SGD,1449158771000,005b00000024A7xAAE,1453175958000,005b0000000L061AAC,1453175958000,,,,a39b0000000Tdo9AAC,ICTA,1
a41b0000000PJMuAAO,005b00000024A7xAAE,FALSE,ICA Certificate in Financial Crime Awareness,GBP,1449158771000,005b00000024A7xAAE,1452598086000,005b0000000L061AAC,1480108695000,,,,a39b00000008hMSAAY,ICT,1
a41b0000000PJMxAAO,005b00000024A7xAAE,FALSE,ICA International Diploma In Compliance,GBP,1449158771000,005b00000024A7xAAE,1452514421000,005b0000000L061AAC,1494064871000,,,,a39b00000008hMSAAY,ICT,1
a41b0000000HsnHAAS,005b0000000L061AAC,FALSE,ICA Certificate in Financial Crime Prevention.,GBP,1454067327000,005b0000000L061AAC,1454067388000,005b0000000L061AAC,1519785214000,,,,a39b00000008igkAAA,La Touche Training,1
a41b0000000HsydAAC,005b0000000L061AAC,FALSE,ICA International Diploma In Anti Money Laundering.,GBP,1454069237000,005b0000000L061AAC,1500995083000,005b0000000L1KUAA0,1519785214000,,,,a39b00000008igkAAA,La Touche Training,1
a41b0000000PJMkAAO,005b00000024A7xAAE,FALSE,ICA Advanced Certificate in Compliance,GBP,1449158771000,005b00000024A7xAAE,1452597851000,005b0000000L061AAC,1528421612000,,,,a39b00000008hMSAAY,ICT,1
a41b0000000PJNEAA4,005b00000024A7xAAE,FALSE,SQLICD-International Certificate In Anti Money Laundering Awareness,USD,1449158771000,005b00000024A7xAAE,1449158771000,005b00000024A7xAAE,1449158771000,,,,a39b0000000Tdo4AAC,ICT Middle East,1
a41b0000000PJNSAA4,005b00000024A7xAAE,FALSE,Certification in Anti Money Laundering and Counter Financing of Terrorism,SGD,1449158771000,005b00000024A7xAAE,1454347935000,005b0000000L061AAC,1522942706000,,,,a39b0000000Tdo9AAC,ICTA,1
a410X000000LlLGQA0,005b0000002eGGJAA2,FALSE,Certified Professional in Financial Crime Compliance,GBP,1555494908000,005b0000002eGGJAA2,1555494908000,005b0000002eGGJAA2,1555494908000,,,,a39b0000000Tdo9AAC,ICTA,1
a410X000000LlMEQA0,005b0000002eGGJAA2,FALSE,ICA Specialist Certificate,GBP,1556878401000,005b0000002eGGJAA2,1556878402000,005b0000002eGGJAA2,1556878402000,,,,a390X00000017pRQAQ,ICTA Malaysia,1
a410X000000kQQhQAM,005b0000005tEONAA2,FALSE,"ICA Certified Professional in Governance, Risk and Compliance",GBP,1522246416000,005b0000005tEONAA2,1522246417000,005b0000005tEONAA2,1528335253000,,,,a39b0000000Tdo9AAC,ICTA,4
a410X000000tBOGQA2,005b0000000L1KUAA0,FALSE,CIPFA-NI,GBP,1512398275000,005b0000000L1KUAA0,1512398275000,005b0000000L1KUAA0,1517625298000,,,,a39b0000000HoE0AAK,Bond Solon,10
a410X000000tToiQAE,005b0000000L1KUAA0,FALSE,Chambers Administration,GBP,1550481188000,005b0000000L1KUAA0,1550481188000,005b0000000L1KUAA0,1550481188000,,,,a39b0000000blRXAAY,Central Law Training,1
a410X000000wnOcQAI,005b0000000L1KUAA0,FALSE,ICA Advanced Certificate in Regulatory Compliance,GBP,1526633442000,005b0000000L1KUAA0,1526633442000,005b0000000L1KUAA0,1526693602000,,,,a39b00000008hMSAAY,ICT,1
a410X000000wnOmQAI,005b0000000L1KUAA0,FALSE,ICA Diploma in Regulatory Compliance,GBP,1526639365000,005b0000000L1KUAA0,1526639365000,005b0000000L1KUAA0,1526952824000,,,,a39b00000008hMSAAY,ICT,1
a410X000000wnlCQAQ,005b0000000L1KUAA0,FALSE,ICA Advanced Certificate in Managing Sanctions Risk,GBP,1537263381000,005b0000000L1KUAA0,1537263381000,005b0000000L1KUAA0,1537263381000,,,,a39b00000008igkAAA,La Touche Training,1
a410X000001EQstQAG,0050X000008uoG9QAI,FALSE,ICA Advanced Certificate in Business Compliance,GBP,1573731738000,0050X000008uoG9QAI,1573731738000,0050X000008uoG9QAI,1573731738000,,,,a390X00000017pRQAQ,ICTA Malaysia,1
a410X000001ERJRQA4,0050X000008U8PoQAK,FALSE,ICA Specialist Certificate in Money Laundering Risk in Gaming & Betting,GBP,1581696586000,0050X000008U8PoQAK,1585750396000,0050X000008U8PoQAK,1585750396000,,,,a39b00000008igkAAA,La Touche Training,1
a41b00000009d10AAA,005b0000000L061AAC,FALSE,Advanced Certification in AML and Counter Financing of Terrorism,GBP,1480066654000,005b0000000L061AAC,1480066654000,005b0000000L061AAC,1528248833000,,,,a39b0000000Tdo9AAC,ICTA,1
a41b00000009fnjAAA,005b0000000L061AAC,FALSE,ICA Advanced Certification in Practical Customer Due Diligence,GBP,1484040000000,005b0000000L061AAC,1484040001000,005b0000000L061AAC,1484040001000,,,,a39b0000000HlhtAAC,ICT North America,1
a41b00000009iZHAAY,005b0000000L061AAC,FALSE,ICA Advanced Certificate in Managing Sanctions Risk,GBP,1488292028000,005b0000000L061AAC,1488292028000,005b0000000L061AAC,1522200837000,,,,a39b00000008hMSAAY,ICT,1
a41b00000009kAbAAI,005b0000000L061AAC,FALSE,Certified Programme in Investigation Skills for Regulatory Officers,GBP,1490197185000,005b0000000L061AAC,1490197185000,005b0000000L061AAC,1519785214000,,,,a39b00000008igkAAA,La Touche Training,1
a41b0000000JcgNAAS,005b0000005tEONAA2,FALSE,ICA Certificate.,GBP,1506419105000,005b0000005tEONAA2,1506419106000,005b0000005tEONAA2,1520006969000,,,,a39b0000000Tdo4AAC,ICT Middle East,9
a41b0000000PJMoAAO,005b00000024A7xAAE,FALSE,ICT-Deutsche bank,GBP,1449158771000,005b00000024A7xAAE,1449158771000,005b00000024A7xAAE,1516296440000,,,,a39b00000008hMSAAY,ICT,1
a41b0000000PJMsAAO,005b00000024A7xAAE,FALSE,ICT-International Certificate In AMLA (Private In House),GBP,1449158771000,005b00000024A7xAAE,1449158771000,005b00000024A7xAAE,1518834807000,,,,a39b00000008hMSAAY,ICT,1
a41b0000000PJMyAAO,005b00000024A7xAAE,FALSE,ICA International Diploma in Financial Crime Prevention,GBP,1449158771000,005b00000024A7xAAE,1453970630000,005b0000000L061AAC,1527261328000,,,,a39b00000008hMSAAY,ICT,1
a41b0000000PJMzAAO,005b00000024A7xAAE,FALSE,ICA Certificate in Anti Money Laundering,GBP,1449158771000,005b00000024A7xAAE,1452011583000,005b0000000L061AAC,1518834807000,,,,a39b00000008hMSAAY,ICT,1
a410X000000kQECQA2,005b0000005tEONAA2,FALSE,ICA Diploma in Compliance - Recertification,GBP,1516198659000,005b0000005tEONAA2,1516198659000,005b0000005tEONAA2,1524276232000,,,,a39b00000008hMSAAY,ICT,9
a410X000000tTqjQAE,005b0000002eGGJAA2,FALSE,ICA Certificate in Financial Crime Prevention,GBP,1551457364000,005b0000002eGGJAA2,1551457364000,005b0000002eGGJAA2,1551457364000,,,,a390X00000017pRQAQ,ICTA Malaysia,1
a410X000001EQqiQAG,0050X000008uoG9QAI,FALSE,ICA HSBC Elective Units,GBP,1572520117000,0050X000008uoG9QAI,1572520985000,0050X000008uoG9QAI,1572520985000,,,,a39b00000008hMSAAY,ICT,10
a41b0000000Je3KAAS,005b0000000L061AAC,FALSE,ICA Certificate in Compliance,GBP,1507624926000,005b0000000L061AAC,1507624927000,005b0000000L061AAC,1512227106000,,,,a39b0000000HlhtAAC,ICT North America,1
a41b0000000PJN2AAO,005b00000024A7xAAE,FALSE,"ICA Professional Postgraduate Dip in Governance, Risk & Compliance",GBP,1449158771000,005b00000024A7xAAE,1470058854000,005b0000000L061AAC,1508559584000,,,,a39b00000008hMSAAY,ICT,1
a41b0000000PJN5AAO,005b00000024A7xAAE,FALSE,ICA Advanced Certificate in Anti Money Laundering,GBP,1449158771000,005b00000024A7xAAE,1452597844000,005b0000000L061AAC,1527261328000,,,,a39b00000008hMSAAY,ICT,1
a41b0000000PJN6AAO,005b00000024A7xAAE,FALSE,ICA Diploma in Anti Money Laundering,GBP,1449158771000,005b00000024A7xAAE,1453241177000,005b0000000L061AAC,1520390067000,,,,a39b00000008hMSAAY,ICT,1
a41b0000000PJN9AAO,005b00000024A7xAAE,FALSE,"ICA Diploma in Governance, Risk & Compliance",GBP,1449158771000,005b00000024A7xAAE,1484560509000,005b0000000L061AAC,1526693602000,,,,a39b00000008hMSAAY,ICT,1
a41b0000000PJNAAA4,005b00000024A7xAAE,FALSE,ICA Certificate in Compliance,USD,1449158771000,005b00000024A7xAAE,1453724836000,005b0000000L061AAC,1526607258000,,,,a39b0000000Tdo4AAC,ICT Middle East,1
a41b0000000PJNCAA4,005b00000024A7xAAE,FALSE,ICA International Advanced Certificate in Anti Money Laundering,USD,1449158771000,005b00000024A7xAAE,1493976452000,005b0000000L061AAC,1512227106000,,,,a39b0000000Tdo4AAC,ICT Middle East,1
a41b0000000PJNHAA4,005b00000024A7xAAE,FALSE,ICA International Diploma In Anti Money Laundering,USD,1449158771000,005b00000024A7xAAE,1456498475000,005b0000000L061AAC,1493401894000,,,,a39b0000000Tdo4AAC,ICT Middle East,1
a41b0000000PJNIAA4,005b00000024A7xAAE,FALSE,SQLICD-International Diploma In Compliance,USD,1449158771000,005b00000024A7xAAE,1449158771000,005b00000024A7xAAE,1521735113000,,,,a39b0000000Tdo4AAC,ICT Middle East,1
a41b0000000PJNNAA4,005b00000024A7xAAE,FALSE,ICA Advanced Certificate Anti Money Laundering,SGD,1449158771000,005b00000024A7xAAE,1457908577000,005b0000000L061AAC,1510098576000,,,,a39b0000000Tdo9AAC,ICTA,1
a41b0000000PJNOAA4,005b00000024A7xAAE,FALSE,"ICA Advanced Certificate in Governance, Risk and Compliance",SGD,1449158771000,005b00000024A7xAAE,1453175525000,005b0000000L061AAC,1522287197000,,,,a39b0000000Tdo9AAC,ICTA,1
a41b0000000PJNPAA4,005b00000024A7xAAE,FALSE,SQLSNG-Australia - Diploma in Applied AML & CTF,SGD,1449158771000,005b00000024A7xAAE,1453175574000,005b0000000L061AAC,1521735113000,,,,a39b0000000Tdo9AAC,ICTA,1
a41b0000000PJNUAA4,005b00000024A7xAAE,FALSE,"ICA Intl Diploma in Governance, Risk & Compliance",SGD,1449158771000,005b00000024A7xAAE,1457908966000,005b0000000L061AAC,1502823762000,,,,a39b0000000Tdo9AAC,ICTA,1
a410X000000LlIqQAK,005b0000002eGGJAA2,FALSE,SHRM Certified Professional,GBP,1554373760000,005b0000002eGGJAA2,1554373760000,005b0000002eGGJAA2,1554373760000,,,,a39b0000000HoN2AAK,Matchett,1
a410X000000LlIvQAK,005b0000002eGGJAA2,FALSE,SHRM Senior Certified Professional,GBP,1554376003000,005b0000002eGGJAA2,1554376003000,005b0000002eGGJAA2,1554376003000,,,,a39b0000000HoN2AAK,Matchett,1
a410X000000LlJKQA0,005b0000002eGGJAA2,FALSE,RHB Compliance Review,GBP,1554903082000,005b0000002eGGJAA2,1554903082000,005b0000002eGGJAA2,1554903082000,,,,a390X00000017pRQAQ,ICTA Malaysia,1
a410X000000LlKmQAK,005b0000002eGGJAA2,FALSE,ICA Advanced Certificate in Regulatory Compliance,GBP,1555409000000,005b0000002eGGJAA2,1555409000000,005b0000002eGGJAA2,1555409000000,,,,a39b0000000Tdo9AAC,ICTA,1
a410X000000LlMJQA0,005b0000002eGGJAA2,FALSE,ICA Certificate in KYC & CDD,GBP,1556881310000,005b0000002eGGJAA2,1556881311000,005b0000002eGGJAA2,1556881311000,,,,a390X00000017pRQAQ,ICTA Malaysia,1
a410X000000LlMOQA0,005b0000002eGGJAA2,FALSE,ICA Certificate,GBP,1556882069000,005b0000002eGGJAA2,1556882069000,005b0000002eGGJAA2,1556882069000,,,,a390X00000017pRQAQ,ICTA Malaysia,1
a410X000000LlMnQAK,005b0000000L1KUAA0,FALSE,ICTA Certificate in Anti Money Laundering Investigations,GBP,1557387086000,005b0000000L1KUAA0,1558518473000,005b0000000L1KUAA0,1558518473000,,,,a39b0000000Tdo9AAC,ICTA,1
a410X000000LlNHQA0,005b0000000L1KUAA0,FALSE,Advanced Specialist Training in AML/CFT Bank Supervisory Examination,GBP,1558518686000,005b0000000L1KUAA0,1558687972000,005b0000000L1KUAA0,1558687972000,,,,a390X00000017pRQAQ,ICTA Malaysia,1
a410X000000LlNMQA0,005b0000000L1KUAA0,FALSE,STEP Advanced Certificate in Family Business Governance,GBP,1558616316000,005b0000000L1KUAA0,1558616419000,005b0000000L1KUAA0,1558616419000,,,,a39b00000008fYRAAY,CLT International,1
a410X000000kQEHQA2,005b0000005tEONAA2,FALSE,ICA Diploma in Anti Money Laundering - Recertification,GBP,1516198996000,005b0000005tEONAA2,1516198996000,005b0000005tEONAA2,1524276232000,,,,a39b00000008hMSAAY,ICT,9
a410X000000kQMVQA2,005b0000005tEONAA2,FALSE,ICA Certificate in KYC & CDD,GBP,1519819897000,005b0000005tEONAA2,1519819897000,005b0000005tEONAA2,1519871585000,,,,a39b0000000Tdo4AAC,ICT Middle East,1
a410X000000koSJQAY,0050X000008uoG9QAI,FALSE,ICA Specialist Certificate in Money Laundering Risk in New Technology SCB,GBP,1588677457000,0050X000008uoG9QAI,1588677457000,0050X000008uoG9QAI,1588677457000,,,,a39b0000000Tdo9AAC,ICTA,1
a410X000000tBNrQAM,005b0000000L1KUAA0,FALSE,Best Interest Assessor (BIA),GBP,1512397682000,005b0000000L1KUAA0,1512994340000,005b0000000L061AAC,1524015269000,,,,a39b0000000HoE0AAK,Bond Solon,2
a410X000000tBNwQAM,005b0000000L1KUAA0,FALSE,Cardiff University Bond Solon Expert Certificate,GBP,1512397701000,005b0000000L1KUAA0,1512397701000,005b0000000L1KUAA0,1521772307000,,,,a39b0000000HoE0AAK,Bond Solon,5
a410X000000tBOBQA2,005b0000000L1KUAA0,FALSE,Medico Legal Certificate,GBP,1512397746000,005b0000000L1KUAA0,1512397746000,005b0000000L1KUAA0,1517884430000,,,,a39b0000000HoE0AAK,Bond Solon,10
a410X000000tTonQAE,005b0000000L1KUAA0,FALSE,Immigration and Asylum Accreditation Scheme,GBP,1550488007000,005b0000000L1KUAA0,1550488007000,005b0000000L1KUAA0,1550488007000,,,,a39b0000000blRXAAY,Central Law Training,10
a410X000000wnOSQAY,005b0000000L1KUAA0,FALSE,ICA Certificate in Regulatory Compliance,GBP,1526554725000,005b0000000L1KUAA0,1526554725000,005b0000000L1KUAA0,1526607258000,,,,a39b00000008hMSAAY,ICT,1
a410X000000wnOXQAY,005b0000000L1KUAA0,FALSE,ICA Certificate in Regulatory Compliance,GBP,1526562087000,005b0000000L1KUAA0,1526562087000,005b0000000L1KUAA0,1526607258000,,,,a39b0000000Tdo4AAC,ICT Middle East,1
a410X000000wnOhQAI,005b0000000L1KUAA0,FALSE,ICA International Advanced Certificate in Regulatory Compliance,GBP,1526635072000,005b0000000L1KUAA0,1526635072000,005b0000000L1KUAA0,1526693602000,,,,a39b0000000Tdo4AAC,ICT Middle East,1
a410X000000wnlgQAA,005b0000000L1KUAA0,FALSE,ICA Certificate in AML and Sanctions Compliance,GBP,1537519119000,005b0000000L1KUAA0,1537519119000,005b0000000L1KUAA0,1537519119000,,,,a39b00000008hMSAAY,ICT,1
a410X000000wo1PQAQ,005b0000002eGGJAA2,FALSE,STEP Certificate,GBP,1547548495000,005b0000002eGGJAA2,1547548495000,005b0000002eGGJAA2,1547548495000,,,,a390X000000ouSkQAI,CLT International Hong Kong,1
a410X000000wo1UQAQ,005b0000002eGGJAA2,FALSE,STEP Diploma in International Trust Management,GBP,1547548536000,005b0000002eGGJAA2,1547552137000,005b0000002eGGJAA2,1547552138000,,,,a390X000000ouSkQAI,CLT International Hong Kong,4
a410X000000wo2XQAQ,005b0000002eGGJAA2,FALSE,ICA Advanced Certificate in Anti Money Laundering,GBP,1548413586000,005b0000002eGGJAA2,1548413586000,005b0000002eGGJAA2,1548413586000,,,,a39b0000000Tdo9AAC,ICTA,1
a410X0000015stLQAQ,005b0000000L1KUAA0,FALSE,Certification in Regulatory Compliance,GBP,1562231308000,005b0000000L1KUAA0,1562231308000,005b0000000L1KUAA0,1562231308000,,,,a390X00000017pRQAQ,ICTA Malaysia,1
a410X0000015stVQAQ,005b0000000L1KUAA0,FALSE,Certified Professional in AML/CFT,GBP,1562235294000,005b0000000L1KUAA0,1562235294000,005b0000000L1KUAA0,1562235294000,,,,a390X00000017pRQAQ,ICTA Malaysia,1
a410X000001ER5sQAG,0050X000008uoG9QAI,FALSE,ICA Certificate in Financial Crime Prevention,GBP,1576851634000,0050X000008uoG9QAI,1576851634000,0050X000008uoG9QAI,1576851634000,,,,a39b0000000Tdo4AAC,ICT Middle East,1
a410X000001ERITQA4,0050X00000A79ttQAB,FALSE,ICA Specialist Certificate in Money Laundering Risk in New Technology,GBP,1581453303000,0050X00000A79ttQAB,1581514065000,0050X00000A79ttQAB,1581514065000,,,,a39b0000000Tdo4AAC,ICT Middle East,1
a410X000001EROHQA4,0050X00000A79ttQAB,FALSE,ICT In-House Training,GBP,1585659762000,0050X00000A79ttQAB,1585659762000,0050X00000A79ttQAB,1585659762000,,,,a39b0000000Tdo4AAC,ICT Middle East,1
a410X000001EROWQA4,0050X000008uoG9QAI,FALSE,ICA Advanced Certificate in Managing Sanctions Risk,GBP,1586180065000,0050X000008uoG9QAI,1586180065000,0050X000008uoG9QAI,1586180065000,,,,a39b0000000Tdo9AAC,ICTA,1
a41b0000000PJNXAA4,005b00000024A7xAAE,FALSE,"ICA Diploma in Governance, Risk and Compliance",SGD,1449158771000,005b00000024A7xAAE,1539946087000,005b0000000LhTLAA0,1539946087000,,,,a39b0000000Tdo9AAC,ICTA,1
a41b0000000PJNZAA4,005b00000024A7xAAE,FALSE,International Compliance Training,SGD,1449158771000,005b00000024A7xAAE,1453439470000,005b0000000L061AAC,1512614001000,,,,a39b0000000Tdo9AAC,ICTA,1
a41b0000000PJNaAAO,005b00000024A7xAAE,FALSE,ICA Soft Skills Training for Compliance/AML Professsionals - Singapore,SGD,1449158771000,005b00000024A7xAAE,1453176036000,005b0000000L061AAC,1502823762000,,,,a39b0000000Tdo9AAC,ICTA,1
a41b0000000Px3WAAS,005b0000000L061AAC,FALSE,ICA Specialist Certificate,GBP,1453437779000,005b0000000L061AAC,1453437779000,005b0000000L061AAC,1527039303000,,,,a39b0000000Tdo9AAC,ICTA,1
a41b0000000clYMAAY,005b0000000L061AAC,FALSE,ICA Certificate in Ethics Leadership,GBP,1472550238000,005b0000000L061AAC,1472553751000,005b0000000L061AAC,1502924683000,,,,a39b0000000Tdo9AAC,ICTA,1
a41b0000000clYWAAY,005b0000000L061AAC,FALSE,STEP Diploma in Trusts and Estates (Scotland),GBP,1472564789000,005b0000000L061AAC,1472564790000,005b0000000L061AAC,1524534647000,,,,a39b00000008fYRAAY,CLT International,5
a41b0000000clYbAAI,005b0000000L061AAC,FALSE,STEP Diploma in Tax and Estate Planning (Scotland),GBP,1472564810000,005b0000000L061AAC,1472564810000,005b0000000L061AAC,1518834807000,,,,a39b00000008fYRAAY,CLT International,5
a41b0000000g3njAAA,005b0000000L061AAC,FALSE,STEP Diploma in Will Preparation (England and Wales),GBP,1461850742000,005b0000000L061AAC,1461850742000,005b0000000L061AAC,1516379058000,,,,a39b00000008fYRAAY,CLT International,5
a41b0000000kJxLAAU,005b00000024A7xAAE,FALSE,University of The West of England,GBP,1457521435000,005b00000024A7xAAE,1458033767000,005b0000000L061AAC,1458033767000,,,,a39b00000008jmnAAA,CLT Scotland,50
a41b0000000kMWZAA2,005b0000000L061AAC,FALSE,ICA Certificate in Anti Money Laundering,GBP,1458296863000,005b0000000L061AAC,1458297009000,005b0000000L061AAC,1525829622000,,,,a39b0000000Tdo9AAC,ICTA,1
a41b0000000kMWeAAM,005b0000000L061AAC,FALSE,ICA Advanced Certificate in Practical Customer Due Diligence..,GBP,1458298870000,005b0000000L061AAC,1458298870000,005b0000000L061AAC,1517625298000,,,,a39b0000000Tdo9AAC,ICTA,1
a41b0000000kP8rAAE,005b0000000L061AAC,FALSE,STEP Diploma in Trusts and Estates (Northern Ireland),GBP,1460293363000,005b0000000L061AAC,1460293363000,005b0000000L061AAC,1524534647000,,,,a39b00000008fYRAAY,CLT International,4
a410X000001UmRzQAK,0050X000008WJKzQAO,FALSE,University of Aberdeen Bond Solon Expert Witness Certificate,GBP,1598349080000,0050X000008WJKzQAO,1598349080000,0050X000008WJKzQAO,1598349080000,,,,a39b0000000HoE0AAK,Bond Solon,5
a4167000000AH38AAG,0050X00000A7cf7QAB,FALSE,ICA International Diploma in Managing Sanctions Risk (LT),GBP,1627553633000,0050X00000A7cf7QAB,1627553633000,0050X00000A7cf7QAB,1627553633000,,,,a39b00000008igkAAA,La Touche Training,1
a4167000000f0yaAAA,0050X00000A7cf7QAB,FALSE,STEP Adv Cert in Trusts Law and Practice (International),GBP,1622197847000,0050X00000A7cf7QAB,1622716534000,0050X00000A7cf7QAB,1622716534000,,,,a39b00000008fYRAAY,CLT International,1
a4167000001UnQsAAK,0050X000008uoG9QAI,FALSE,ICA Diploma in Regulatory Compliance Module 1 (Specialist),GBP,1600700033000,0050X000008uoG9QAI,1600700033000,0050X000008uoG9QAI,1600700033000,,,,a39b0000000Tdo9AAC,ICTA,1
a4167000001Unr7AAC,0050X000008uoG9QAI,FALSE,ICA Certificate in Managing Sanctions Risk,GBP,1601906605000,0050X000008uoG9QAI,1601906605000,0050X000008uoG9QAI,1601906605000,,,,a390X00000017pRQAQ,ICTA Malaysia,1
a4167000001UnrCAAS,0050X000008uoG9QAI,FALSE,ICA Certificate in Trade Based Money Laundering,GBP,1601907540000,0050X000008uoG9QAI,1601907540000,0050X000008uoG9QAI,1601907540000,,,,a390X00000017pRQAQ,ICTA Malaysia,1
a4167000001UpItAAK,0050X000008uoG9QAI,FALSE,ICA Professional Postgraduate Diploma in Financial Crime Compliance,GBP,1603724279000,0050X000008uoG9QAI,1603724279000,0050X000008uoG9QAI,1603724279000,,,,a39b0000000Tdo4AAC,ICT Middle East,1
a4167000001UpgiAAC,0050X000008uoG9QAI,FALSE,ICA Advanced Certificate in Regulatory Compliance,GBP,1605095462000,0050X000008uoG9QAI,1605095462000,0050X000008uoG9QAI,1605095462000,,,,a390X00000017pRQAQ,ICTA Malaysia,1
a4167000001UrzbAAC,0050X000008uoG9QAI,FALSE,ICA Diploma in Financial Crime Compliance Module 5 (Core),GBP,1605883838000,0050X000008uoG9QAI,1605883838000,0050X000008uoG9QAI,1605883838000,,,,a39b0000000Tdo9AAC,ICTA,1
a41b0000000ps1SAAQ,005b0000000L061AAC,FALSE,STEP Diploma in Tax and Estate Planning (England and Wales),GBP,1494933574000,005b0000000L061AAC,1494933574000,005b0000000L061AAC,1516379058000,,,,a39b00000008fYRAAY,CLT International,5
a41b0000000PJMrAAO,005b00000024A7xAAE,FALSE,ICT-International Advanced Certificate in Compliance,GBP,1449158771000,005b00000024A7xAAE,1449158771000,005b00000024A7xAAE,1462906199000,,,,a39b00000008hMSAAY,ICT,1
a410X000000wnlRQAQ,005b0000000L1KUAA0,FALSE,ICA End Point Assessments,GBP,1537429281000,005b0000000L1KUAA0,1574353641000,0050X000008uoG9QAI,1574353641000,,,,a39b0000000TdnzAAC,ICA,1
a410X000001ERObQAO,0050X000008uoG9QAI,FALSE,ICA Advanced Certificate in Managing Fraud,GBP,1586184453000,0050X000008uoG9QAI,1586184453000,0050X000008uoG9QAI,1586184453000,,,,a39b0000000Tdo9AAC,ICTA,1
a410X000001Um21QAC,0050X000008uoG9QAI,FALSE,ICA Specialist Certificate in Financial Crime Risk and New Technology,GBP,1597843321000,0050X000008uoG9QAI,1597843321000,0050X000008uoG9QAI,1597843321000,,,,a39b00000008hMSAAY,ICT,1
a41b0000000PqvBAAS,005b0000000L061AAC,FALSE,ICA Specialist Certificate,GBP,1453242347000,005b0000000L061AAC,1479489205000,005b0000000L061AAC,1524706423000,,,,a39b00000008hMSAAY,ICT,20
a41b0000000TO6NAAW,005b0000000L061AAC,FALSE,STEP Diploma,GBP,1438871167000,005b00000024A7xAAE,1472564877000,005b0000000L061AAC,1525224793000,2016-02-05,,,a39b00000008fYRAAY,CLT International,6
a41b0000000ckTcAAI,005b0000000L061AAC,FALSE,ICA Certificate in Financial Crime Prevention..,GBP,1469613816000,005b0000000L061AAC,1469613816000,005b0000000L061AAC,1469726161000,,,,a39b0000000Tdo9AAC,ICTA,1
a41b0000000cmemAAA,005b0000000L061AAC,FALSE,ICA Foundation Certificate in Regulatory Compliance,GBP,1473773640000,005b0000000L061AAC,1473773641000,005b0000000L061AAC,1473872666000,,,,a39b00000008hMSAAY,ICT,1
a41b0000000kAQ3AAM,005b0000000L061AAC,FALSE,ICA Advanced Certificate in Managing Fraud,GBP,1455125308000,005b0000000L061AAC,1455125370000,005b0000000L061AAC,1519871585000,,,,a39b00000008hMSAAY,ICT,1
a41b0000000kLmvAAE,005b0000000L061AAC,FALSE,Instructus,GBP,1458060507000,005b0000000L061AAC,1458060507000,005b0000000L061AAC,1521255839000,,,,a39b0000000kB4WAAU,Central Law Training (Paralegal),50
a41b00000009jo0AAA,005b0000000L05NAAS,FALSE,ICA Certificate,GBP,1488891181000,005b0000000L05NAAS,1488891182000,005b0000000L05NAAS,1527261328000,,,,a39b00000008hMSAAY,ICT,20
a410X000001UmtRQAS,0050X000008uoG9QAI,FALSE,ICA Specialist Certificate in Financial Crime Risk and New Technology,GBP,1599054589000,0050X000008uoG9QAI,1599054589000,0050X000008uoG9QAI,1599054589000,,,,a39b0000000Tdo9AAC,ICTA,1
a4167000001UnQxAAK,0050X000008uoG9QAI,FALSE,ICA Diploma in Regulatory Compliance Module 2 (Core),GBP,1600700793000,0050X000008uoG9QAI,1600700793000,0050X000008uoG9QAI,1600700793000,,,,a39b0000000Tdo9AAC,ICTA,1
a41b0000000PJNBAA4,005b00000024A7xAAE,FALSE,SQLICD-Certificate in Compliance (UK),USD,1449158771000,005b00000024A7xAAE,1449158771000,005b00000024A7xAAE,1449158771000,,,,a39b0000000Tdo4AAC,ICT Middle East,1
a41b0000000PJNDAA4,005b00000024A7xAAE,FALSE,ICA International Advanced Certificate in Compliance,USD,1449158771000,005b00000024A7xAAE,1453393030000,005b0000000L061AAC,1526693602000,,,,a39b0000000Tdo4AAC,ICT Middle East,1
a41b0000000PJNFAA4,005b00000024A7xAAE,FALSE,ICA Certificate in Financial Crime,USD,1449158771000,005b00000024A7xAAE,1453726605000,005b0000000L061AAC,1479552961000,,,,a39b0000000Tdo4AAC,ICT Middle East,1
a41b0000000PJNKAA4,005b00000024A7xAAE,FALSE,"ICA International Diploma in Governance, Risk and Compliance",USD,1449158771000,005b00000024A7xAAE,1453216296000,005b0000000L061AAC,1527178901000,,,,a39b0000000Tdo4AAC,ICT Middle East,1
a41b0000000PJNQAA4,005b00000024A7xAAE,FALSE,Certification in Regulatory Compliance,SGD,1449158771000,005b00000024A7xAAE,1486037302000,005b0000000L1KUAA0,1520217083000,,,,a39b0000000Tdo9AAC,ICTA,1
a410X000000LlLfQAK,005b0000002eGGJAA2,FALSE,Professional Regulatory Skills,GBP,1556285104000,005b0000002eGGJAA2,1556285104000,005b0000002eGGJAA2,1556285104000,,,,a39b0000000HoE0AAK,Bond Solon,1
a410X000000gT2KQAU,0050X000008uoG9QAI,FALSE,ICA Advanced Certificate in Practical Customer Due Diligence,GBP,1592400511000,0050X000008uoG9QAI,1592400511000,0050X000008uoG9QAI,1592400511000,,,,a39b0000000Tdo4AAC,ICT Middle East,1
a410X000000kQEMQA2,005b0000005tEONAA2,FALSE,ICA Diploma in Financial Crime Prevention - Recertification,GBP,1516199007000,005b0000005tEONAA2,1516199007000,005b0000005tEONAA2,1524276232000,,,,a39b00000008hMSAAY,ICT,9
a410X000000tBO1QAM,005b0000000L1KUAA0,FALSE,CIPFA,GBP,1512397717000,005b0000000L1KUAA0,1512397717000,005b0000000L1KUAA0,1516847727000,,,,a39b0000000HoE0AAK,Bond Solon,10
a410X000000tBO6QAM,005b0000000L1KUAA0,FALSE,Professional Award in Complaints Handling and Investigations,GBP,1512397732000,005b0000000L1KUAA0,1512397732000,005b0000000L1KUAA0,1520006969000,,,,a39b0000000HoE0AAK,Bond Solon,10
a410X000000tTqFQAU,005b0000002eGGJAA2,FALSE,"ICA Diploma in Governance, Risk and Compliance",GBP,1551357781000,005b0000002eGGJAA2,1551357781000,005b0000002eGGJAA2,1551357781000,,,,a390X000000ouSfQAI,ICA Hong Kong,1
a410X000000tTqZQAU,005b0000002eGGJAA2,FALSE,ICA Certificate in Anti Money Laundering,GBP,1551455374000,005b0000002eGGJAA2,1551455374000,005b0000002eGGJAA2,1551455374000,,,,a390X00000017pRQAQ,ICTA Malaysia,1
a410X000000tTvoQAE,0050X000008U8PoQAK,FALSE,ICA Specialist Certificate in Money Laundering Risk in New Technology,GBP,1553178923000,0050X000008U8PoQAK,1581072939000,005b0000000LhV1AAK,1581072939000,,,,a39b00000008hMSAAY,ICT,1
a410X000000tTyYQAU,005b0000002eGGJAA2,FALSE,Certified Professional in Financial Crime Compliance,GBP,1553611668000,005b0000002eGGJAA2,1555495720000,005b0000002eGGJAA2,1555495720000,,,,a390X00000017pRQAQ,ICTA Malaysia,1
a410X000000wnOrQAI,005b0000000L1KUAA0,FALSE,ICA International Diploma in Regulatory Compliance,GBP,1526909791000,005b0000000L1KUAA0,1526909791000,005b0000000L1KUAA0,1526952824000,,,,a39b0000000Tdo4AAC,ICT Middle East,1
a410X000000wnd8QAA,005b0000000L1KUAA0,FALSE,ICA HSBC Certificate in Trade Based Financial Crime Compliance,GBP,1534241526000,005b0000000L1KUAA0,1534241526000,005b0000000L1KUAA0,1534241526000,,,,a39b00000008hMSAAY,ICT,1
a410X000000wniwQAA,005b0000000L1KUAA0,FALSE,Certificate in Fund Administration,GBP,1536061988000,005b0000000L1KUAA0,1536061989000,005b0000000L1KUAA0,1536061989000,,,,a39b00000008fYRAAY,CLT International,1
a410X000000wo0bQAA,005b0000000L1KUAA0,FALSE,The Financial Crime Control Professionals Masterclass,GBP,1547198498000,005b0000000L1KUAA0,1547198498000,005b0000000L1KUAA0,1547198498000,,,,a39b00000008hMSAAY,ICT,1
a410X0000015stGQAQ,005b0000000L1KUAA0,FALSE,Certification in Anti Money Laundering and Counter Financing of Terrorism,GBP,1562228044000,005b0000000L1KUAA0,1562228044000,005b0000000L1KUAA0,1562228044000,,,,a390X00000017pRQAQ,ICTA Malaysia,1
a410X0000015t3kQAA,0050X000008WJKzQAO,FALSE,ICPAC - ICA Certificate in Financial Crime Compliance,GBP,1568020293000,0050X000008WJKzQAO,1568020293000,0050X000008WJKzQAO,1568020293000,,,,a39b00000008hMSAAY,ICT,1
a410X000001ERJWQA4,0050X000008U8PoQAK,FALSE,ICA Certificate in KYC & CDD,GBP,1581696602000,0050X000008U8PoQAK,1581697863000,0050X000008U8PoQAK,1581697863000,,,,a39b00000008igkAAA,La Touche Training,1
a410X000001EROgQAO,0050X000008uoG9QAI,FALSE,ICA International Advanced Certificate in Anti Money Laundering,GBP,1586257715000,0050X000008uoG9QAI,1586257715000,0050X000008uoG9QAI,1586257715000,,,,a39b0000000Tdo9AAC,ICTA,1
a410X000001ERPFQA4,0050X000008uoG9QAI,FALSE,ICA Advanced Certificate in Practical Customer Due Diligence,GBP,1586342062000,0050X000008uoG9QAI,1586342062000,0050X000008uoG9QAI,1586342062000,,,,a39b0000000Tdo9AAC,ICTA,1
a41b0000000PJNVAA4,005b00000024A7xAAE,FALSE,SQLSNG-ICA Certificated Anti Money Laundering Awareness Training,SGD,1449158771000,005b00000024A7xAAE,1453175641000,005b0000000L061AAC,1490813820000,,,,a39b0000000Tdo9AAC,ICTA,1
a41b0000000PJNWAA4,005b00000024A7xAAE,FALSE,ICA Diploma in Anti Money Laundering/Counter Financing Terrorism (AML/CFT),SGD,1449158771000,005b00000024A7xAAE,1453197812000,005b0000000L061AAC,1521735113000,,,,a39b0000000Tdo9AAC,ICTA,5
a41b0000000TO6LAAW,005b0000000L061AAC,FALSE,Funds,GBP,1438871167000,005b00000024A7xAAE,1456762636000,005b0000000L061AAC,1518834807000,,,,a39b00000008fYRAAY,CLT International,5
a41b0000000TO6MAAW,005b0000000L061AAC,FALSE,STEP Certificate,GBP,1438871167000,005b00000024A7xAAE,1473419582000,005b0000000L061AAC,1519785214000,,,,a39b00000008fYRAAY,CLT International,10
a41b0000000ciqwAAA,005b0000000L061AAC,FALSE,STEP Certificate in Anti Money Laundering,GBP,1467372377000,005b0000000L061AAC,1467372590000,005b0000000L061AAC,1490427925000,,,,a39b00000008fYRAAY,CLT International,2
a41b0000000ckULAAY,005b0000000L061AAC,FALSE,ICA International Diploma In Anti Money Laundering,GBP,1469633231000,005b0000000L061AAC,1539945981000,005b0000000LhTLAA0,1539945981000,,,,a39b0000000Tdo9AAC,ICTA,1
a41b0000000cmdyAAA,005b0000000L061AAC,FALSE,ICA Advanced Certificate in Business Compliance,GBP,1473411040000,005b0000000L061AAC,1539876182000,005b0000000LhTLAA0,1539876182000,,,,a39b0000000Tdo4AAC,ICT Middle East,1
a41b0000000g3neAAA,005b0000000L061AAC,FALSE,STEP Professional Postgraduate Diploma in Private Wealth Advising,GBP,1461849251000,005b0000000L061AAC,1461849251000,005b0000000L061AAC,1509184164000,,,,a39b00000008fYRAAY,CLT International,5
a41b0000000g6FPAAY,005b0000000L061AAC,FALSE,ICA Certificate in KYC & CDD,GBP,1471863463000,005b0000000L061AAC,1471863463000,005b0000000L061AAC,1527261328000,,,,a39b00000008hMSAAY,ICT,1
a41b0000000kAQ8AAM,005b0000000L061AAC,FALSE,ICA Advanced Certificate in Legal Compliance,GBP,1455125323000,005b0000000L061AAC,1455125363000,005b0000000L061AAC,1492844970000,,,,a39b00000008hMSAAY,ICT,1
a41b0000000kFWKAA2,005b0000000L061AAC,FALSE,Advanced Certification in Regulatory Compliance,GBP,1456416234000,005b0000000L061AAC,1456416234000,005b0000000L061AAC,1523583220000,,,,a39b0000000Tdo9AAC,ICTA,1
a41b0000000kJxJAAU,005b00000024A7xAAE,FALSE,BTEC Paralegal Award Programme,GBP,1457521435000,005b00000024A7xAAE,1457531302000,005b0000000L1KUAA0,1481941533000,,,,a39b00000008jmnAAA,CLT Scotland,50
a41b0000000kJxKAAU,005b00000024A7xAAE,FALSE,University of Strathclyde,GBP,1457521435000,005b00000024A7xAAE,1457729992000,005b0000000L061AAC,1521255839000,,,,a39b00000008jmnAAA,CLT Scotland,50
a41b0000000kJxOAAU,005b0000000L061AAC,FALSE,ICA Specialist Certificate,GBP,1457546018000,005b0000000L061AAC,1553869214000,005b0000002eGGJAA2,1553869214000,,,,a39b0000000Tdo4AAC,ICT Middle East,9
a41b0000000kP8wAAE,005b0000000L061AAC,FALSE,STEP Diploma in International Trust Management,GBP,1460293409000,005b0000000L061AAC,1460293409000,005b0000000L061AAC,1524534647000,,,,a39b00000008fYRAAY,CLT International,4
a41b0000000kP91AAE,005b0000000L061AAC,FALSE,STEP Diploma in International Trust Management - DL+,GBP,1460293420000,005b0000000L061AAC,1460293420000,005b0000000L061AAC,1516379058000,,,,a39b00000008fYRAAY,CLT International,4
a4167000000f0duAAA,0050X00000A7cf7QAB,FALSE,STEP Professional Postgraduate Diploma in Private Wealth Advice,GBP,1621334518000,0050X00000A7cf7QAB,1621334519000,0050X00000A7cf7QAB,1621334519000,,,,a39b00000008fYRAAY,CLT International,1
a4167000000f0dzAAA,0050X000008uoG9QAI,FALSE,"ICA Professional Postgraduate Dip in Governance, Risk & Compliance",GBP,1621423246000,0050X000008uoG9QAI,1621423247000,0050X000008uoG9QAI,1621423247000,,,,a39b00000008igkAAA,La Touche Training,1
a4167000001UnR2AAK,0050X000008uoG9QAI,FALSE,ICA Diploma in Regulatory Compliance Module 3 (Core),GBP,1600702510000,0050X000008uoG9QAI,1600702510000,0050X000008uoG9QAI,1600702510000,,,,a39b0000000Tdo9AAC,ICTA,1
a4167000001UnR7AAK,0050X000008uoG9QAI,FALSE,ICA Diploma in Regulatory Compliance Module 4 (Specialist),GBP,1600771868000,0050X000008uoG9QAI,1600771869000,0050X000008uoG9QAI,1600771869000,,,,a39b0000000Tdo9AAC,ICTA,1
a4167000001UnRCAA0,0050X000008uoG9QAI,FALSE,ICA Diploma in Regulatory Compliance Module 5 (Core),GBP,1600772475000,0050X000008uoG9QAI,1600772475000,0050X000008uoG9QAI,1600772475000,,,,a39b0000000Tdo9AAC,ICTA,1
a4167000001UnRHAA0,0050X000008uoG9QAI,FALSE,ICA Diploma in Regulatory Compliance Module 6 (Core),GBP,1600775241000,0050X000008uoG9QAI,1600775241000,0050X000008uoG9QAI,1600775241000,,,,a39b0000000Tdo9AAC,ICTA,1
a4167000001UnqYAAS,0050X000008uoG9QAI,FALSE,ICA Certificate in Managing Sanctions Risk,GBP,1601462091000,0050X000008uoG9QAI,1601462091000,0050X000008uoG9QAI,1601462091000,,,,a39b0000000Tdo9AAC,ICTA,1
a4167000001UpIPAA0,0050X000008uoG9QAI,FALSE,ICA Advanced Certificate in Business Compliance,GBP,1603360581000,0050X000008uoG9QAI,1603360581000,0050X000008uoG9QAI,1603360581000,,,,a39b00000008igkAAA,La Touche Training,1
a4167000001UpYMAA0,0050X000008uoG9QAI,FALSE,ICA Specialist Certificate in Financial Crime Risk in Global Banking and Markets,GBP,1604062656000,0050X000008uoG9QAI,1604062656000,0050X000008uoG9QAI,1604062656000,,,,a39b00000008igkAAA,La Touche Training,1
a4167000001UrzMAAS,0050X000008uoG9QAI,FALSE,ICA Diploma in Financial Crime Compliance Module 2 (Core),GBP,1605875576000,0050X000008uoG9QAI,1605875576000,0050X000008uoG9QAI,1605875576000,,,,a39b0000000Tdo9AAC,ICTA,1
a4167000001UrzRAAS,0050X000008uoG9QAI,FALSE,ICA Diploma in Financial Crime Compliance Module 3 (Core),GBP,1605876577000,0050X000008uoG9QAI,1605876577000,0050X000008uoG9QAI,1605876577000,,,,a39b0000000Tdo9AAC,ICTA,1
a4167000001UrzWAAS,0050X000008uoG9QAI,FALSE,ICA Diploma in Financial Crime Compliance Module 4 (Specialist),GBP,1605883504000,0050X000008uoG9QAI,1605883504000,0050X000008uoG9QAI,1605883504000,,,,a39b0000000Tdo9AAC,ICTA,1
a4167000001UrzgAAC,0050X000008uoG9QAI,FALSE,ICA Diploma in Financial Crime Compliance Module 6 (Core),GBP,1605884210000,0050X000008uoG9QAI,1605884210000,0050X000008uoG9QAI,1605884210000,,,,a39b0000000Tdo9AAC,ICTA,1
a4167000001UtUUAA0,0050X000008uoG9QAI,FALSE,"ICA Professional Postgraduate Diploma in Governance, Risk & Compliance",GBP,1607442072000,0050X000008uoG9QAI,1607442072000,0050X000008uoG9QAI,1607442072000,,,,a39b0000000Tdo4AAC,ICT Middle East,1
a4167000001Vbs2AAC,0050X000008uoG9QAI,FALSE,ICA Certificate in Financial Crime Risk Management Through the Client Lifecycle,GBP,1612521867000,0050X000008uoG9QAI,1612521867000,0050X000008uoG9QAI,1612521867000,,,,a39b0000000Tdo9AAC,ICTA,1
a4167000002RNubAAG,0050X00000A7cf7QAB,FALSE,STEP Adv Cert in Trusts Law and Practice (International),GBP,1622543449000,0050X00000A7cf7QAB,1622716719000,0050X00000A7cf7QAB,1622716719000,,,,a390X000000ouSkQAI,CLT International Hong Kong,1
a4167000002RXLTAA4,0050X00000A7cf7QAB,FALSE,STEP Adv Cert in Trustees’ Duties: Investment and Management of the Trust Fund,GBP,1622730688000,0050X00000A7cf7QAB,1622730688000,0050X00000A7cf7QAB,1622730688000,,,,a39b00000008fYRAAY,CLT International,1
a4167000002RXLYAA4,0050X00000A7cf7QAB,FALSE,"STEP Adv Cert in Principles of International Taxation, AML and Compliance",GBP,1622731425000,0050X00000A7cf7QAB,1622731425000,0050X00000A7cf7QAB,1622731425000,,,,a39b00000008fYRAAY,CLT International,1
a41b0000000kP96AAE,005b0000000L061AAC,FALSE,STEP Diploma for Accountants and Tax Practitioners (Trusts and Estates),GBP,1460293448000,005b0000000L061AAC,1460293448000,005b0000000L061AAC,1511404348000,,,,a39b00000008fYRAAY,CLT International,1
a41b0000000pryyAAA,005b0000000L061AAC,FALSE,"ICA Professional Postgraduate Diploma in Governance, Risk and Compliance",GBP,1494578238000,005b0000000L061AAC,1494578238000,005b0000000L061AAC,1528248833000,,,,a39b0000000Tdo9AAC,ICTA,7
a41b0000000ps1XAAQ,005b0000000L061AAC,FALSE,STEP Diploma in Advising Vulnerable Clients (England and Wales),GBP,1494933783000,005b0000000L061AAC,1494933783000,005b0000000L061AAC,1516379058000,,,,a39b00000008fYRAAY,CLT International,5
a41b0000000pysNAAQ,005b0000000L061AAC,FALSE,ICA Certificate,GBP,1498641475000,005b0000000L061AAC,1498641476000,005b0000000L061AAC,1507148933000,,,,a39b0000000Tdo9AAC,ICTA,1
a41b0000000q0TiAAI,005b0000002eGGJAA2,FALSE,ICA Advanced Certificate in Managing Sanctions Risk,GBP,1499935620000,005b0000002eGGJAA2,1499935620000,005b0000002eGGJAA2,1499935620000,,,,a39b0000000Tdo4AAC,ICT Middle East,1
a41b0000000q1NXAAY,005b0000000L061AAC,FALSE,"ICA Certificate in Ethics, Rules and Regulations",GBP,1501834745000,005b0000000L061AAC,1501834745000,005b0000000L061AAC,1510356381000,,,,a39b0000000Tdo9AAC,ICTA,1
a41b0000000q1rxAAA,005b0000000L061AAC,FALSE,ICA Certificate in Compliance,GBP,1504037492000,005b0000000L061AAC,1504037492000,005b0000000L061AAC,1504037492000,,,,a39b0000000Tdo9AAC,ICTA,1
a417Z000000PKSOQA4,0057Z000008POQBQA4,FALSE,ICTA Masterclass – Anti-Bribery and Corruption (IH),GBP,1629714270000,0057Z000008POQBQA4,1629714270000,0057Z000008POQBQA4,1629714270000,,,,a39b0000000Tdo9AAC,ICTA,1
a41b0000000PJNTAA4,005b00000024A7xAAE,FALSE,"ICA Graduate Diploma in Governance, Risk and Compliance",SGD,1449158771000,005b00000024A7xAAE,1453435172000,005b0000000L061AAC,1521858816000,,,,a39b0000000Tdo9AAC,ICTA,1
a410X000001Um26QAC,0050X000008uoG9QAI,FALSE,ICA Specialist Certificate in Financial Crime Risk and New Technology,GBP,1597844511000,0050X000008uoG9QAI,1597844512000,0050X000008uoG9QAI,1597844512000,,,,a39b0000000Tdo4AAC,ICT Middle East,1
a4167000001UrzCAAS,0050X000008uoG9QAI,FALSE,ICA Diploma in Financial Crime Compliance Module 1 (Specialist),GBP,1605873555000,0050X000008uoG9QAI,1605873555000,0050X000008uoG9QAI,1605873555000,,,,a39b0000000Tdo9AAC,ICTA,1
a4167000000AH3cAAG,0050X00000A7cf7QAB,FALSE,ICA Specialist Certificate in Money Laundering Risk in Correspondent Banking(IH),GBP,1627645922000,0050X00000A7cf7QAB,1627645922000,0050X00000A7cf7QAB,1627645922000,,,,a39b0000000Tdo9AAC,ICTA,1
a4167000001UtT2AAK,0050X000008uoG9QAI,FALSE,"ICA International Diploma in Governance, Risk and Compliance",GBP,1607338485000,0050X000008uoG9QAI,1607338485000,0050X000008uoG9QAI,1607338485000,,,,a39b00000008hMSAAY,ICT,1
a410X0000015sscQAA,005b0000000L1KUAA0,FALSE,Advanced Certification in Regulatory Compliance,GBP,1561457555000,005b0000000L1KUAA0,1561457556000,005b0000000L1KUAA0,1561457556000,,,,a390X00000017pRQAQ,ICTA Malaysia,5
a41b0000000PijtAAC,005b0000000L061AAC,FALSE,ICA Advanced Certificate in Business Compliance,GBP,1452688433000,005b0000000L061AAC,1452688433000,005b0000000L061AAC,1523027335000,,,,a39b00000008hMSAAY,ICT,1